place_id,name,description,is_spending_on_ads,reviews,competitors,website,can_claim,emails,phones,linkedin,twitter,facebook,youtube,instagram,owner_name,owner_profile_link,featured_image,main_category,categories,rating,workday_timing,closed_on,phone,address,review_keywords,link
ChIJ_8E2s2f1aS4RSraUoOQTRZU,Le Petit Chef - Jakarta,,TRUE,29,"Name: S*c*******se Gr*** *nd*nes*a
Link: h**p**/*w***g***le.com*maps/***r*h*S*c*a***o*se+***nd****one*ia/**6*1******,10*.82****4?a**h*se**0*h*=*d&**try=t**
Reviews: 3708 reviews

Name: *i***ng
Link: **t****/w****oogl**c*m/m***/***r*h**i*F**g***6*1*5**8**106.823*421**ut**s*r=0*hl=*d*en**y*tt*
Reviews: 916 reviews

Name: *****t*** a*d S*afoo*
Link: **t***//www***o*****om/***s/s****h/***2*8*%99*+*te**+a**+S**f*od*@*6*1**5*1****6.8*19*98?*u***ser*0&*l=id**n***=tt*
Reviews: 174 reviews

Name: 1****Re***ura*t
Link: h**ps:*/w*w*g***l****m**a**/s***c**19*8*R***au**nt*@-6.1****6**1**.8*8**09**999*9*aut**se*=0&**=id&**tr*=t**
Reviews: 120 reviews

Name: KI*A*****esta**a*t
Link: **tp*:/*ww***oog*e*c*m***ps*se**ch/K*TA*%E*%**%*C**5%A**9A+**s**u****/**6.18477***9999**9*1**.*304***9*9***9*a****ser=0&******e**ry**t*
Reviews: 60 reviews",**tp*://ww*.lep****c****c*m*gr*nd***a*t-j**a**a-l***,FALSE,Provide API Key,Provide API Key,Provide API Key,Provide API Key,Provide API Key,Provide API Key,Provide API Key,L* Pe*it***** - Jak******Pem***k*,*ttp****www******e.c*****ps/c**trib/***8*3*6*919*588***5*,ht*p*:*****.*o*gleuse**o**e*t*****p/A****pO******9*orJ9*L-**E****y*xg3*p****ekt5*w***-*272-k-no,Restoran,Restoran,3.8,1****-2*.*0,O*en**** *ay*,*021* 2***13**,"Grand Hyatt Jakarta Jl. M.H. Thamrin No.Kav. 28-30, Gondangdia, Kec. Menteng Kota Jakarta Pusat, Daerah Khusus Ibukota, RT.9/RW.5, Gondangdia, Kec. Menteng, Jakarta, Daerah Khusus Ibukota Jakarta 10350","pen*a**m**, ku**u*, ua**",https://www.google.com/maps/place/Le+Petit+Chef+-+Jakarta/data=!4m7!3m6!1s0x2e69f567b336c1ff:0x954513e4a094b64a!8m2!3d-6.1929989!4d106.8222671!16s%2Fg%2F11jjj89vdz!19sChIJ_8E2s2f1aS4RSraUoOQTRZU?authuser=0&hl=id&rclk=1
ChIJTwTtG9P1aS4RTBuC8A4MTBA,Paulaner Brauhaus,Re***r** Je***n**i***l *r**d I**o***ia den*** **es**lis*****i** T*r***ia ***anan h*la*.,FALSE,6800,"Name: *o***l*H**s**G*and I***ne*ia
Link: *t*p***/***.*oo**e.c*m*maps/***r***Soci*l****s*+Gran*****o*e*i*/@-6.****077,*0*.82******a**huser*0****id***t*y=tt*
Reviews: 3708 reviews

Name: *ie ***b*
Link: **t*s****w**g*ogle.*o**m*p*/s*ar***D**+S*u**/*-6**5**9**,106.***772***uthus**=0***=*d&e*t*y**t*
Reviews: 2082 reviews

Name: Clo*d*Lou*ge******t* *R**f**p)
Link: ***ps:**ww***o*****com*m***/*****h/C*oud**o*nge+*a*a*ta+%28*o*f****29/@-***9278**9*99**9**1*6.82**7*****9*99?*u*hus**=0****id&e*****t*u
Reviews: 1019 reviews

Name: B*s*****a**n & *a***laz* I**o*esi*
Link: h**p***/**w*google.*o**map*/*ea*****i****+*a**n+**6**a*+*l*za+In*on*s*a/*-*.1*247*,1*6.8*2***1*a*th*s**=*&*******n*r**tt*
Reviews: 499 reviews",h**p*:****w**em**ns**.co*/e****t***indo*e****rest****nts*b****p*u****r-brae**a*s**t****di*m=o*gani**utm**o**ce*goo**e*u*****m***gn=**J*T1&u*m_******t=g**-r*stau*a*t&so*r*e*S30*9***48,FALSE,Provide API Key,Provide API Key,Provide API Key,Provide API Key,Provide API Key,Provide API Key,Provide API Key,Pa*lan*r ***u*a*s ****i**k*,**t**:*/**w*****le*com*m*ps**ontr***1**0615*7*68457*****9,*ttps://l*5.*******ser**nten**co**p**F1Qi*****Ex*****6A*l*v_RE7*wZ****b*n*****4*=**26**240-k***,Restoran Jerman,"Restoran Jerman, Brewpub",4.6,1**3***0.*0,**en***l**ays,(*21)*23***8**,"Jl. MH Thamrin No.1, Menteng, Kec. Menteng, Kota Jakarta Pusat, Daerah Khusus Ibukota Jakarta 10310","b*n*, ***kel, h***l, **o***g a*ea, p*r****lly, *mb*e**, m*l*, *em*u*ta**b**, *i* **ng*a, ly*h**",https://www.google.com/maps/place/Paulaner+Br%C3%A4uhaus/data=!4m7!3m6!1s0x2e69f5d31bed044f:0x104c0c0ef0821b4c!8m2!3d-6.1964302!4d106.8225851!16s%2Fg%2F1tq_yygq!19sChIJTwTtG9P1aS4RTBuC8A4MTBA?authuser=0&hl=id&rclk=1
ChIJR2I0yCX0aS4RnsVGtM67WiI,Seribu Rasa Menteng,,FALSE,5746,"Name: P*a***a**M*nte*g
Link: *t**s:**w**.*o*gle*com*m*p*****r*h/**at*ran***n*e**/*-6.1***014*9*999*9***6.**85812*a**hus****&***i*&en****t*u
Reviews: 4986 reviews

Name: *aum**ak**t*
Link: htt*s***w*w.**o*l*.*o*/*a*s*se*r*****um*J*k**ta***6*1**9565***9*9995,10*.8*4*****aut*u*er=*&**=id***t*****u
Reviews: 4391 reviews

Name: L**a*Djo**g*a**
Link: **t*s:***w***oog*e.c*m/*a*s*searc***a**+**on*g****/@*6*1***6*5*1*6.8363661********r**&h*=*d**n*r*=t*u
Reviews: 3890 reviews

Name: Mad*m******ma
Link: ht**s*/*w*w****g*******m*ps/*ear****a***e+De*i**/@-6.*88***400*******1*6.8**1*43?au****e*=0**l=i*&ent*y*t*u
Reviews: 780 reviews

Name: C*b**R**p***RES*O
Link: ht*p***/*ww.g*****.**m/m**s/se***h**abe*Re**a***E*T**@-6.1*7**03,1*6.**6***1****9**?a*t***er=0*hl*id****ry*tt*
Reviews: 471 reviews",htt*s*/**re**c**p***m/***i*u-**sa,FALSE,Provide API Key,Provide API Key,Provide API Key,Provide API Key,Provide API Key,Provide API Key,Provide API Key,***ib**Ra***Men**n* *Pem**ik*,htt****/w**.*oog*e.c*m*m*ps/*o*t*i***0*74*8***80*****1*3*,htt**:*/l***g****eu***c**te**.c*m/p*A*1***N*Q**n9**b*vd9*A**oqU*t***A_0j**E*D**i*w*08-*2*5***no,Restoran Indonesia,"Restoran Indonesia, Restoran Asia, Restoran Seafood, Restoran Asia Tenggara",4.6,1*.***22.**,Open*A** ****,***1* 3*2*8*2,"Jl. H. Agus Salim No.128, RT.1/RW.5, Menteng, Kec. Menteng, Kota Jakarta Pusat, Daerah Khusus Ibukota Jakarta 10310","k*l*a*g*, d***er, **et**g, atm***h*r*, i***r*or, s**fo**, b**e*e*t, v***t, fi** d***n*, **a*g",https://www.google.com/maps/place/Seribu+Rasa+Menteng/data=!4m7!3m6!1s0x2e69f425c8346247:0x225abbceb446c59e!8m2!3d-6.1955014!4d106.8250395!16s%2Fg%2F1pv2gx5h9!19sChIJR2I0yCX0aS4RnsVGtM67WiI?authuser=0&hl=id&rclk=1
ChIJ91EGWSP0aS4R2FsHVktCgwk,Plataran Menteng,"*la***an M*n**** is***e**l**e to**ee an***e*s*e***o**J*k*rta*s mo***d***ern*ng**in*r*, as*w*l**a* * m*st-v**it**o* to***s****t*yi***i* *** o* the*ma** *u********* f*v*-st***ho**ls",FALSE,4988,"Name: Ser*bu***s****nte**
Link: *tt***//w***g*o*l*.****ma*s/s*arc*****ib*+R*s*+M*nteng****.*955*1*99*****9*,*06.82*0*949*99**9**u**u*er**&*******ntr*=t**
Reviews: 5745 reviews

Name: K*um J*****a
Link: h***s:*/www*go*******m/m**s/s*a***/*aum**a**rta/@-*.*9****5**99*9**5,10*.*2*2368*aut**se*=*******&****y*t*u
Reviews: 4391 reviews

Name: **ra*D***ggr**g
Link: *tt**://www.g*ogl*.*om/maps/s*a******r*+**o*g*ra*g*****1**1*35,****8*6**6***uthu*er=0*hl**********t**
Reviews: 3890 reviews

Name: ****ara*pa*
Link: ***p*:/*w*w***ogle****/m*ps**ea*ch/Bu***ra*p*****6*198506*,**6**373*26?*****s*r***h***d&e*tr**t*u
Reviews: 1335 reviews

Name: M**ame***li**
Link: http**/**w*.*o*g*e*c**/ma**/s**r**/M***m***e**m*/@*6.***249**0****0**10***361**3?*u*h**e*=0&***id*en*ry=t*u
Reviews: 780 reviews",****s:/*ww*.pl****a*.***/p*a***a*-m*n*eng,FALSE,Provide API Key,Provide API Key,Provide API Key,Provide API Key,Provide API Key,Provide API Key,Provide API Key,*l*taran ***t*****Pe*il*k*,*****:**ww****og***com/m*p**c*nt**b/109**772**349*9***4*8,**t*s://***.g*o*l*u**rc**te****o**p***1*****b*eh*c*Jee**jdm3G***SKO**mjY*4wP**wF=**08*h*5*-k***,Restoran Indonesia,"Restoran Indonesia, Restoran",4.7,**.00***.*0,***n A****ays,****) 2*62*77*,"Jl. HOS. Cokroaminoto No.42 6, RT.6/RW.4, Gondangdia, Kec. Menteng, Kota Jakarta Pusat, Daerah Khusus Ibukota Jakarta 10350","d*n**r, **et**g, f**e *i*i**, *t*os*h*r*, v*l**, t***r*a*in, pe*a**a*, k*lo**a*, or****n, *r**te*tu*",https://www.google.com/maps/place/Plataran+Menteng/data=!4m7!3m6!1s0x2e69f423590651f7:0x983424b56075bd8!8m2!3d-6.1919015!4d106.8285812!16s%2Fg%2F11c5sw4rnx!19sChIJ91EGWSP0aS4R2FsHVktCgwk?authuser=0&hl=id&rclk=1
ChIJterFy7TxaS4RbX70gbpPSAE,Hutan Kota by Plataran,"*u*an Kota *a* ****t int*o**ce* ** **e**ubl*c d*ri****h***0*8*A***n G*mes, *u***g****c* *he *enue *as*use**** *ost***n* ce**moni*s, *ve*** *** **t***ing*****r****t*is pe***d**th* Pre*id****o* *he**ep*b**c *f *n***es********lf, Bap*k**oko Wido*o* h*st*d *is g***ts at**h**site**Upon *ucc*s*f***c****e*ion*** **e*even*,*t*e*B*ng*Karno ***or***omp**x*M*na***e*t *en**r *PPKG*K****vi*ed*Plat*ran ** p**tic*pa*e i**a sel**ti*******e*s*t**de**lop ***a* *ot* ****** **n** tha**c*u*d ****c*s* *nd***s**'s cu***n** *u*t*re***d *atu*a****r*t**e* **a**r*******pt*d*the *hal**n**,*******i*g**n a*ri*o**us a*****a*i************* **r**t *o***t*t*o**w*th*v***ou* ****r ***tende** f******don*sia*s b***re***a****F*B **oups*a*d***d****b* * panel*o* *xp**t**",FALSE,4921,"Name: *a** *j*n***ang
Link: *t**s:/*w**.g****e.c***ma*s*se*rc*/**ra*Dj***g*ang/*****94***5**06*83636**?**t******0**l=id*entry***u
Reviews: 3890 reviews

Name: Blue***s**n*
Link: ht*p*:*/***.g*og**.c**/*a**/s*arch/Blu*+J*s****/*-*.2*0*6**,106.**9*1**9**999****th*s*r*****=id*e**r*****
Reviews: 1431 reviews

Name: C*o***Loun*****kart* *R*o*to**
Link: *t**s://*w****o*le******aps*search*****d**o***e*Ja****a+%*8R**fto*%*9/@*6.*927****999*9**,*06.****71***99*99***t*u*e*=0*h*=***e*try=**u
Reviews: 1019 reviews

Name: PA.***L* ******rant
Link: *****://ww*.g****e***m**aps/s**rch/*A***.*A**e**aur****@-**22***65**0**80**798?aut*us***0**l=***e*t**=ttu
Reviews: 896 reviews

Name: *mu* **u*me*
Link: ***p*:*/*w**go**le.co*/*a**/se***h/**u******m*t/@******92****06.***62*40**000***u*huse*=0&*l=i**e*try=t**
Reviews: 442 reviews",ht*ps***www*p*a***an.co*****a**kot*-*la**r**,FALSE,Provide API Key,Provide API Key,Provide API Key,Provide API Key,Provide API Key,Provide API Key,Provide API Key,Hu*****o*a *y *latar*n***e**l**),****s*//ww**go*gle.com/m*ps***n****/1*37*****812******59*,*t*******h**g*o***u**rc*nte*t*com/p/AF1*i***v9*qZ***2w*o7l***iVm*jtf*A*1****t*9N****8-*2**-k-**,Tempat Acara,"Tempat Acara, Restoran Mewah, Lounge",4.7,*7.**-2**0*,*p*n***l**ays,(0****2*5311**,"Jl. Jenderal Sudirman No.54-55, RT.1/RW.3, Gelora, Kecamatan Tanah Abang, Kota Jakarta Pusat, Daerah Khusus Ibukota Jakarta 10270","d*n*e*, *ak*n*n*i**on***a, f*t*, ma****sia**, f*n**din***, G**, *e*de**, so**bun***, ny*m**, *e****ar**ang*t",https://www.google.com/maps/place/Hutan+Kota+by+Plataran/data=!4m7!3m6!1s0x2e69f1b4cbc5eab5:0x1484fba81f47e6d!8m2!3d-6.2223165!4d106.8065261!16s%2Fg%2F11j7yfpv3z!19sChIJterFy7TxaS4RbX70gbpPSAE?authuser=0&hl=id&rclk=1
ChIJTWtJeiH0aS4RY6h3u6ESq9Q,Sana Sini Restaurant,*e*****m***n*b*r*onsep pr***anan **ng*me**a*i*** m**u*Er*pa*****As*** **rta *o*e**i **** ***i V*note*a*,FALSE,4641,"Name: *a**o
Link: *t*******w*.g*o*le*c*m*map**s*a*ch/S*too/***.*0**4*1,*0**81***4*999*99****t**se**0&*l=*d**n*r*=t*u
Reviews: 3576 reviews

Name: *e****al **s*e**at**h**W***in Ja*art*
Link: *tt*s*/***w.goo**e.com/*ap**s***ch/**a**n*l+T******a***he+**st**+****rt*/@-******068*9*9*9*9*1*6.83*716****9*9**a*th***r*0**l=*d&*ntr***tu
Reviews: 1769 reviews

Name: *ig*a*******es*a*rant
Link: htt*s*//***.goo***.*om*ma*s/***r****igna***e********ra*****6*1***6*7,*0*.8*195**9*9*9*9?au*hu*e*=0**l*id&**tr*=*tu
Reviews: 770 reviews

Name: C***a*on
Link: *tt***//*w*****g**.**m/m*p*/**ar***C*nn*mo*/@-**19******10***235**1?aut*use***&hl**d&*nt*y**tu
Reviews: 252 reviews

Name: *es**ra**F*es**
Link: h*tps:*********g**.com/**ps*s*ar*h***s*oran+**e*****-6*****9**,1**.8**819899*999*?a*t***er**&**=id&*nt*y***u
Reviews: 79 reviews",htt**/*w****u***a****ar*a***onesi***om*r*s**u*a**s-a*d-ba*s**a*a-*i*i/,FALSE,Provide API Key,Provide API Key,Provide API Key,Provide API Key,Provide API Key,Provide API Key,Provide API Key,**n* *i***Re*ta*ran***P*mil**),*t*p*:/**w**go*g*e.c**/ma****on**i*/*1**6**1*4738**8**14*,h**ps**/****goo*leu***c*nt**t**om*p/AF1*i*O*p***g*****IB5***W***MB**3**t*T*8*g**=*4*8-*240-k-n*,Restoran Prasmanan,"Restoran Prasmanan, Restoran China, Restoran Indonesia, Restoran Jepang, Restoran Masakan Barat",4.8,***00-*2.**,***n Al**Da**,***1) 3*06***,"Pullman Jakarta Indonesia (Lobby Level, Jl. M.H. Thamrin No.59, RT.9/RW.5, Gondangdia, Kec. Menteng, Kota Jakarta Pusat, Daerah Khusus Ibukota Jakarta 10350","*a*a**n*i**on**ia, *a*e, *as***i, bru***, **m**um, we**ern****d, **ka* be****a, *ob***r, *e*a*, buka*****a",https://www.google.com/maps/place/Sana+Sini+Restaurant/data=!4m7!3m6!1s0x2e69f4217a496b4d:0xd4ab12a1bb77a863!8m2!3d-6.1938085!4d106.8234035!16s%2Fg%2F1q62hchpg!19sChIJTWtJeiH0aS4RY6h3u6ESq9Q?authuser=0&hl=id&rclk=1
ChIJaYYdtBj0aS4R7aoVQjeIQps,Kaum Jakarta,*** f*ag**i**l*ca**** o****ta** **a* Fa**l*** Indo****a***in*n**co**e** Ka***an**home t***i**rse*an* *r*g*nal I*d*nesi*n*cul*u**l***o*ra*m***,FALSE,4392,"Name: Ser*b**Ra*a**e*t***
Link: ***p**//ww**g***l*.c*m*maps*se*rc*/Ser*b*+**s******e*g**-6**9*5*1**99*9*9*5,1****2**3*49*9*999?*uthu*e*=*&*l*id&***r*****
Reviews: 5745 reviews

Name: P*a*ar*n *en****
Link: *****:/**ww*g***le.c********sea***/Pl**a**n*M*n*eng**-*.191*01**99*9*99,***.**8*812*a*th*s*r=*&**=id&en***=*t*
Reviews: 4986 reviews

Name: H**** *ani*
Link: *t***:*/www**o*g*e.co*****s/se*rch/*arum***n******.*07*3*1**.**78*4**9999*9?a*****e***&hl***&en**y*t*u
Reviews: 1858 reviews

Name: M*ni*****tor*n
Link: *t***://*w*.go**le***m*m*p**s*a****M*ni*+****ora**@-**2*4*679**06*8**4446*000**1**u**u*er*0&*l=i*&****y**tu
Reviews: 1827 reviews

Name: **be *****h R**TO
Link: ***ps:*/*w**go*g*e****/*a**/**a*c*/C*b**Remp*h+**S*O/@*6.1**9*0*,1***83*448****9*99**ut*u*er=0*h**i**e*t**=**u
Reviews: 471 reviews",h*t*s**/www.**um**om***k**t**,FALSE,Provide API Key,Provide API Key,Provide API Key,Provide API Key,Provide API Key,Provide API Key,Provide API Key,Kaum J**art* ***m*****,*t**s:/*www*g*o*le***m***ps/c***r**/*0876**000****4****74,*t**s*//l*5**********r*onte**.*o*/p*AF*Qip*A*z*vdm*R5*Y****la*2dA**Bf9*AUW*j*f***w*08***7***-*o,Restoran Indonesia,"Restoran Indonesia, Bar Minuman Koktail, Bar Dengan Pentas Musik",4.6,***00-**.*0,**e* All**a**,08****1*1-5*5*,"Jl. Dr. Kusuma Atmaja No.77, RT.10/RW.4, Menteng, Kec. Menteng, Kota Jakarta Pusat, Daerah Khusus Ibukota Jakarta 10310","co**t*i*, ***o*phe*e, int*r***, ***a**n t*adis**n**, **bi*n*, an**u*, **** g*j*ot, ****ting*s**a, *ub*r *u*s**, *u*e*i",https://www.google.com/maps/place/Kaum+Jakarta/data=!4m7!3m6!1s0x2e69f418b41d8669:0x9b4288374215aaed!8m2!3d-6.1979566!4d106.8242368!16s%2Fg%2F11g88b9lww!19sChIJaYYdtBj0aS4R7aoVQjeIQps?authuser=0&hl=id&rclk=1
ChIJgwj8-An0aS4RY7gzwS8hLM8,Bluegrass Bar & Grill,**e***** *r*ll*restau**nt *** b*r *i*h *o*****coun*** **nce**,FALSE,4346,"Name: *o*w*
Link: h*t**:/*****g****e.*om/***s**ear**/**e*y**-6.*2***1*,1*6.*25753***99***?*u*hu***=*&h**id&e*t*y*ttu
Reviews: 2925 reviews

Name: W**li*m'* *****ual*D**i*g
Link: htt*s**/*ww*g****e******a*s/s*arch/W**li*m%2*s*-******l**ini*g/******0*174*99999*9,1**.8095**7*aut******0&hl*********=*tu
Reviews: 1543 reviews

Name: *Bo**yw*** -***d*an**es**u**** & Bar
Link: *t*****/ww*******e.com*ma****e*rch/DB*l*ywo***-**ndi**+Restaur****%*6+*a******22*1**4**0*.83**1**?**thu*er=0&*l=**&e**r*=***
Reviews: 380 reviews

Name: ***le* **d Ho**
Link: ***p*:*/*w***oog*e*c*m/**p*/*e*r***B*rley*A***H*p*/***.*18*2****9*99*9,1*6*83**9*60*0*0*2?a*t*us*r**&hl*i*&*n*r*=**u
Reviews: 0 reviews",*tt********t**ra**com*bl*egra*sj**art*,FALSE,Provide API Key,Provide API Key,Provide API Key,Provide API Key,Provide API Key,Provide API Key,Provide API Key,B*uegr*s* ****&*Gr*l*****m*l*k),*t**s:*/*ww****gle.c****aps**o*tr**/1*44**69**7***40***56,h*t*s***lh5***ogl***er**nte*t**om/p*****i***u*N**x*KtP**Itx*b*w*1*G*L*IzXI*Q**j_**4***h27*-**n*,Restoran Masakan Barat,"Restoran Masakan Barat, Bar",4.7,*1.00*2****,M***gu,(**1) 2**41***,"Bakrie Tower, Jl. H. R. Rasuna Said Lt. G, Kuningan, Kecamatan Setiabudi, Kota Jakarta Selatan, Daerah Khusus Ibukota Jakarta 12940","*e*t*n*, *m*ie**, **t**ior, **nse*, s*n*a*, p****rib*, *a*d, ****ing, m*k** ***s*ma, st*****a**un*an",https://www.google.com/maps/place/Bluegrass+Bar+%26+Grill/data=!4m7!3m6!1s0x2e69f409f8fc0883:0xcf2c212fc133b863!8m2!3d-6.2193093!4d106.8344011!16s%2Fg%2F11g_r9y1q!19sChIJgwj8-An0aS4RY7gzwS8hLM8?authuser=0&hl=id&rclk=1
ChIJZ3XYYj70aS4RyDFzTQx4BFY,Lara Djonggrang,"T***a*t**nti**In*one*i** *uisi*e *f *A** **ON**R****h*s*been***sp*re**** t*e*r*ya**jour*ey* **r***h t***re*i*ns**ur****t*e***m***** *he**ing****a**Wu*u*,*w** *el****e rei*n o* *h***i***om****M**a*a**t ***t*e ****n**ng*o****e **th*ce***ry.

***a****n*gra**'s*m********n*** *i*h*the*m***i**l* *o*a*ti* a*mo*phe**,**e*h****y***es*nt t**r*mind th* *owad**s w*rld, *o**ring *a***** **f*,*a** to pride**ur*el*es *i*h*th**u*pa**l*el*d ****ty of a***e** In*o*e**a****isto**.",FALSE,3890,"Name: S**i*u R*s* *en****
Link: h****://*ww.*o*g*e**o*/*a**/s**rc*/*erib**R*s**M*nteng*@*6.1*550***999****5,1*6.8***3*4*99*999?*u**********l=*d&e********
Reviews: 5745 reviews

Name: P**tara***e*t**g
Link: **tps********o***e.c*m**ap*/sea*ch/Pla**ran+**nteng/@***19*9*****99*9*****6.8*8**1**a******r=*&hl=i*&en***=t**
Reviews: 4986 reviews

Name: *a** Ja*a*t*
Link: h**ps**/*ww**o**le***m**a*s**ea*ch*****+Ja****a/@-***97**6***99**99**10*.8*4*36***u*hu**r=0*hl*id&e*t*y*tt*
Reviews: 4391 reviews

Name: *arum**a***
Link: https*/*ww********.c****ap**search*H*r**+*an****-6.*0763*****81*884***999****u*hus*r*0*hl=****n***=t*u
Reviews: 1858 reviews

Name: Mad*m**De****
Link: h*t***/****.g**gle.*o**m*p*/*e**c*/Mada**+***i*a*@**.**8**9**0**00*1,*0*.*361**3?*ut*u**r****l=*d*e*t*y=ttu
Reviews: 780 reviews",h*tp:/*w*w.**g**o*****c*m**e*tau*a*t**j*ka***/lara**o**g**ng*,FALSE,Provide API Key,Provide API Key,Provide API Key,Provide API Key,Provide API Key,Provide API Key,Provide API Key,L*ra**j*****an* *P**ilik*,htt*s****w*.**o**e**o*/maps/co***ib***93****9852*1**14***,h******/lh*.go***eus*rc***e***com*p***1*ipN6*m1cq**p*w***C*J****U*t***fqDG*58*iC=**0*-*27**k*n*,Restoran Indonesia,"Restoran Indonesia, Restoran Sate",4.7,*1*00****00,Op*n***l ***s,**1*-*1**-*66,"Jl. Teuku Cik Ditiro No.4, RT.3/RW.2, Gondangdia, Kec. Menteng, Kota Jakarta Pusat, Daerah Khusus Ibukota Jakarta 10350","**t*ri*r, *ra***i*na*, a*mo****re, se***a*, **et**g, a***k, *a*u*g, bu*aya***d**e**a, *ine**i*i**, **r*j*an",https://www.google.com/maps/place/Lara+Djonggrang/data=!4m7!3m6!1s0x2e69f43e62d87567:0x5604780c4d7331c8!8m2!3d-6.1941635!4d106.8363661!16s%2Fg%2F1yh5tbbrt!19sChIJZ3XYYj70aS4RyDFzTQx4BFY?authuser=0&hl=id&rclk=1
ChIJgWKDuiH0aS4RpXOh9dwgKmU,Social House Grand Indonesia,"*elc**e *o***cial*H*use*Jak*rta* ** *x*u*********ta*r*nt *y*********y* *ro**.****tl***in**h**h*ar* ***th* *******o*i*l *o*s**o**e*s a*b*e*th**king v*** ** B**d*ra* HI* o*e o* J*kart*'s **st ico**c *a*d*arks. T*i* vi*r*n* *enue bl*nds*stunni***s*****y**i** a***r**a****nvitin* des*g** creati*g a* **biance *he***g*e**s f*el**ns*an*l***t*****. I*dul***i* el****ed *omfor* *ood*th*t**e**ght**the*****te, c*mpl*m*n**d*b* * *e**c*l*u**y c**a**d ***ec**** o******** *n*o****** c***ta*l** *nd a r**i******i*its *****a***********you'r*****e **r*a ****a***runch, * busines* l****, or****e*e***g***** **cial*Ho**e*pr***ses**n un*or**t*able**xpe***nce*w**h*i***pe**ec* fu*****of*****o****f*a******** **c**re**u* *u**oun*i*g**",FALSE,3708,"Name: P*u***** *r*uha*s
Link: http***/w*w.g***le**o****ps*s*a*ch***u*a**r*B*%C***4*h*us*@*6.1**4**2****.*2258**?*u**u*er=0*hl=id&******t*u
Reviews: 6797 reviews

Name: **r*b* Ras**M*n**n*
Link: **t*s:*/w***go**le.*o*/m*ps*se*rc****ri***Ra**+M**t*ng/*-6****5**39**99*9*5*10*.82*0*9******99*au*h**e***&h*=i***n*ry=*t*
Reviews: 5745 reviews

Name: M**** And***k
Link: *******/www*g*o****com/m**s/**a**h*Ma*le*An**Oa*/*-****8*442,1*6.*28**4*?**t*us**=0*h*=**&*nt*y**t*
Reviews: 1266 reviews

Name: **h*ang** J****es* **stau**n*
Link: *tt*s*//w***go**le**om/*ap*/**arc***ah*a*gan**a**ne****es***r*nt/@*****3*9**,1**.8*35*7*?*uthu*e***&hl=*****t**=*t*
Reviews: 261 reviews

Name: *r*me *ng*s***u** P***a*In*o*e*i*
Link: **tps:*/www.goo****com/m**s/*earc**P**me+A**u*+**u****l******d**e**a*@-***92**2*999***99*1***8***1*8?authu**r***h*=*****tr**ttu
Reviews: 127 reviews",*t**s**/ww*.is**y****m**at*drink***c*a*-*ou**,FALSE,Provide API Key,Provide API Key,Provide API Key,Provide API Key,Provide API Key,Provide API Key,Provide API Key,**c**l***u*e*Grand*I*d***sia ****il*k),****s*//*w*.g**g*e*com/*a*s**on*rib/*02**3***0*5***12***9,h*t**:**l*5.**o*l**s**c**tent*com/p*AF1Q**P*****s**TsPT*fG**d******T*****D*n*BBl***0**h271-*-no,Restoran,"Restoran, Lounge, Bar Minuman Anggur, Toko Minuman Anggur",4.6,11.**-2****,*p*****l D*ys,**21* **58**18,"Jalan M.H. Thamrin No. 1, RT.1/RW.5 No.1, RT.1/RW.5, Menteng, Kec. Menteng, Kota Jakarta Pusat, Daerah Khusus Ibukota Jakarta 10310","k*n*e*, p**k *el**, **b*en*, **ok**g*are*, wa***, ***g*eng, r*ma***c, ***ion, *u***ra**hi, s**ial****i",https://www.google.com/maps/place/Social+House+Grand+Indonesia/data=!4m7!3m6!1s0x2e69f421ba836281:0x652a20dcf5a173a5!8m2!3d-6.1969077!4d106.8226084!16s%2Fg%2F1hf3_fq3w!19sChIJgWKDuiH0aS4RpXOh9dwgKmU?authuser=0&hl=id&rclk=1
ChIJU80L2nbxaS4R_m_3MgI5JiM,Plataran Dharmawangsa,P**ta*****har**wa*g*a***e**nt* *u*hen*ic****one*ian ******e*w*t*** a* a*mo*ph****of *avane** *oy**t*,FALSE,3454,"Name: **m*a*****e*a Re**auran*
Link: http*://ww*.**og**.c**/**p**s*ar*h*****an*+***l****sta***n**@-***17*0*299*******,*06*81**7*899*9*9***u**user=*&*l*id*e*tr*=*tu
Reviews: 2646 reviews

Name: *gn*y**Re*t**r**t
Link: h**p**/*****g**gle***m**ap*/*ea**h/**ne*a+***t***an**@-6*2*904**9*9**99*5,***.*03*20**999**9*a*t**ser***h**i*&**try=ttu
Reviews: 2329 reviews

Name: Na**a**Din***
Link: h*t*s***www*g*o*l**c***ma*s*se*rc***a*aa*+*i*i**/@-***49****1**.***03*?aut****r*0&*l=id**ntry=***
Reviews: 1948 reviews

Name: **ra**li*a
Link: *t*ps****ww**oo*le*c**/ma***s*ar*******d*lim**@-6*23*6*6**106****5*3*9******?au**us*r=**hl=**&*nt*y=ttu
Reviews: 1748 reviews

Name: *l***Jasm**e
Link: h*tps***www*google.c*m****s*s*a****B****Jas*i*e/*-**2407**9,10*.*89**7*99**99*?**t**s********id&e**r*=***
Reviews: 1431 reviews",*t**s*/****.p*a***an.*om/v**u*s**inin**plat*******a*maw**gsa,FALSE,Provide API Key,Provide API Key,Provide API Key,Provide API Key,Provide API Key,Provide API Key,Provide API Key,P***a*a* D***ma*an*s* (***il*k*,ht*ps*****w*g**g**.c**/m*ps/co*trib/1***2***5****2***5*18,https:*/**5.*oog**u****o***n**com*p***1*ip**w***L*B*O**Ax*b***D3***AS*sz*HQO****=w4**-*272***no,Restoran Indonesia,Restoran Indonesia,4.6,*1.0*****00,*pe**Al* *a**,*02***2*0*416*,"Jl. Dharmawangsa Raya No.6, RT.4/RW.2, Pulo, Kec. Kby. Baru, Kota Jakarta Selatan, Daerah Khusus Ibukota Jakarta 12160","tr******nal, **mo*p*er*, p**ni**ha*, *ee***g, **st*, *i*e ****ng, *nt*r**r, ***ung, *a**t, *o**o",https://www.google.com/maps/place/Plataran+Dharmawangsa/data=!4m7!3m6!1s0x2e69f176da0bcd53:0x2326390232f76ffe!8m2!3d-6.2544188!4d106.8026785!16s%2Fg%2F11b60zp03x!19sChIJU80L2nbxaS4R_m_3MgI5JiM?authuser=0&hl=id&rclk=1
ChIJmS8JUrT2aS4R99BZY-87klI,The Cafe,*es**ra**e*e*a* **** *u** *e*a**an*di lo** h**e* deng*n **ka****k*s*o****t** *ari*su*yi ***g*a ***i*I*di*.,FALSE,3447,"Name: *a*Br**s***e R*st***a*t
Link: htt*s*//w*w*g**g**.*o*/m*ps/s*a*c***a*B*as*e**e*R**t**ra*t/**6.***1*5**06**1*7**au*huse*=***l****ent**=*t*
Reviews: 1934 reviews

Name: Se*a*** ****** by *tto**ma
Link: h*t*s***www.go****.*om/****/*e*r*h/Sena***+***nu**by+O*tolima*@**.2**616*106***7****000*0*******us******l*id&ent*y****
Reviews: 922 reviews

Name: G***d*Caf*
Link: **tps*//*w****ogl*.***/*a*s****rc**G*and**afe***6.1*3****9*99**9**,10**82217****ut*u**r=*&****d*en*r*=ttu
Reviews: 310 reviews

Name: *asa**e*ta****t
Link: h*t*s://w*w.*oo*l**c*m/**p*/sea*c*/Ra*a***s*aur***/@-*.2*9**8*1**.8*967*?**t*us*r*0****i***********
Reviews: 263 reviews",ht*p:/*www.t**m***a.co*****-**fe-j******,FALSE,Provide API Key,Provide API Key,Provide API Key,Provide API Key,Provide API Key,Provide API Key,Provide API Key,*** C*fe (P****ik*,*t*ps:*/w**.*o**le.*o*****s/*on*ri*/*00*1**1**3*9**707***,htt****/*h**g*o*l**s*rc*n**nt.c****/*F1***Nd6*J*X*3Y**xzFuJF*Y**j*LD4**JngI*9e******8***61-****,Restoran Prasmanan,"Restoran Prasmanan, Kedai Sarapan, Kafe, Prasmanan Kue Manis dan Makanan Penutup, Restoran Indonesia, Restoran Italia, Restoran Jepang, Restoran Korea",4.7,****0-2*.0*,*p** A*l*D**s,*02** ***777*,"Senayan, Jl. Asia Afrika, RT.1/RW.3, Gelora, Kecamatan Tanah Abang, Kota Jakarta Pusat, Daerah Khusus Ibukota Jakarta 10270","*ot**, **k*na* *n**n*s*a, *am**n*, **j**na*n, b***a*g, *ir*o**, ko****e*i, **s**** *adang, m*r**b*k, su**i***n *a*hi**",https://www.google.com/maps/place/The+Caf%C3%A9/data=!4m7!3m6!1s0x2e69f6b452092f99:0x52923bef6359d0f7!8m2!3d-6.2149549!4d106.7970461!16s%2Fg%2F1tj6lc7s!19sChIJmS8JUrT2aS4R99BZY-87klI?authuser=0&hl=id&rclk=1
ChIJ9fbyz7H2aS4RvAyr1hcqYXI,Pulau Dua Restaurant,"**m* *e*jag* k*n*am***n bers**a* *n*****et*p menj**a**** ***tok***k**********newno*mal*u*a**ua*e*to **ng*n*m**ak***n :*
1-*W**ib*m*n*gu**kan m***e* 
*-******c* t*n*a* d*n*a* h**d s**i*i*****et*k**m*masuki *es** *3-*M*nja****a*a***e*ik**d* ar*a r*s*o**4****rd*a**eb**um m***n **-**h*si*al*di*ta*c***
** ***b*****i****u**n*k*p*d**st*f* r*s*o
7* h*******it***r**i lo*by **st*
8* p*mba***an*k*pa*i*****e*any*k*50%",FALSE,3322,"Name: B***k K**in*
Link: **tp*:*/***.**ogle.co***aps**ear*h*******Kur**g**-*.**6*9*7,*0*.***6*47?*u**user**&*l=****ntr*=t*u
Reviews: 2338 reviews

Name: Se**os*****fo*d *e**y*n
Link: ht****/***w.**o**e.com/*aps*se***h/Se*to***S*afood+S**a*an/*-6.**0*88**1*6*8**4***9**99*******u*e**0&*l**d****ry**tu
Reviews: 1608 reviews

Name: PA*S**L* **s****ant
Link: **tp*:/***w.g*ogl*****/*ap*/s*ar*h**A****L*+Rest*ura*t*@-*.2**9******6*8*9***8*a**hus**=*&**=id&e****=tt*
Reviews: 896 reviews

Name: S*te** Seafo** *e*a*****a**f***P*ace
Link: h*t*s**/**w.**o*l*.co*******se*rc*/S*t***2*+Sea*ood*****y*n*P****ic+*l*c*/**6***45*1*9999*99*5,1*6.*097*8*?*u**u***=0****id*en*ry**t*
Reviews: 78 reviews",**t*:*/w*w***lau***.c*m/,FALSE,Provide API Key,Provide API Key,Provide API Key,Provide API Key,Provide API Key,Provide API Key,Provide API Key,Pu**u *** R**t*ur*n****e*ili*),*t**s:/*www*g*o*le**o*/***s*c**tri**1*50**5**1*39*****161,htt***//***.*oog***s*rco**e*t.**m*p/AF1*i*NK*****L*3Vz**Qwf**OT*VV***yf0**g*****=*413***4*-*-**,Restoran Seafood,"Restoran Seafood, Restoran Prasmanan, Restoran",4.3,*1.***22.**,**en*A*l***ys,(02****70**0*,"Taman Ria Senayan, Jl. Gatot Subroto, RT.1/RW.3, Gelora, Kecamatan Tanah Abang, Kota Jakarta Pusat, Daerah Khusus Ibukota Jakarta 10270","d**a*, *tr*t***s, *an*o*, *la*, *a*ak****ndon*s**, p*h**, i*u**t*, n*a**n, *e**i, *i***g*g*re*g",https://www.google.com/maps/place/Pulau+Dua+Restaurant/data=!4m7!3m6!1s0x2e69f6b1cff2f6f5:0x72612a17d6ab0cbc!8m2!3d-6.210645!4d106.805475!16s%2Fg%2F1td1yp8p!19sChIJ9fbyz7H2aS4RvAyr1hcqYXI?authuser=0&hl=id&rclk=1
ChIJNejSzeTzaS4R4H-4VM-q3gc,Loewy,**ca**a* *9*0s**ns***e**bis*** & **r *er**ng*cl**s*c*bras***** di***s***sig**tur**coc*t*i**,FALSE,2926,"Name: *l*e**a*s Ba* **Gr***
Link: ht*p*********o*gl*.**m/*aps/*e*rch/**ue**as*****+%2***ri*l/*-*.*19*09*,*****3440*****th***r*****=i*&entry=t*u
Reviews: 4346 reviews

Name: *****rro* Ba* &*G**l*
Link: h*t***//www.google.co*/map**s*a*c*/*.S*a*****B*r*%26**ril*/*-*******4*******5639*a****s*r**&hl**d*e*tr*****
Reviews: 1697 reviews

Name: O****A ***l**i* Mall
Link: h*t*******w.*o*g*e*co**ma*s*se**ch/*HL*LA*B**l**io*****/*-***27**409*99***9,****824652*?**th*se*=**hl*id*en*r***tu
Reviews: 259 reviews

Name: Oa*r*o***e****ra** & Ba*
Link: h**ps**/w*w*go*g**.***/*aps**earc**Oakroom******ur*nt+**6+*ar/***.*2******9****99*1**.8*5**5*?*u*hu*er=**h*=id*e*t*y**t*
Reviews: 235 reviews

Name: **** *e**afe Oak*o**
Link: ht*p***/ww*.*o**le.*o**m**s****rch/***L*L***af*C***9+**k*o*d/*-6*22***6****99**9,1*6*825*856?**t*****=0*h**id*entry**t*
Reviews: 128 reviews",h***s:**new.*n**ngroup*****t*.com/*e***u*ant******,FALSE,Provide API Key,Provide API Key,Provide API Key,Provide API Key,Provide API Key,Provide API Key,Provide API Key,**e*y *P*mi*i**,h*t**:/*www***og**.***/m*p*/***t*****044**3990*48**648*3*,*t***:**lh***oog**u*e******nt.co**p/AF*Qi*P**D9**PN8*3-*U*c4**p*uX*******juz_***=**0*-h2*2-k*n*,Bistro,"Bistro, Bar",4.5,08.*0*0****,**en *****ays,**21* **542*7*,"Oakwood Premier Cozmo Jalan Lingkar Mega Kuningan E42 No.1, RT.5/RW.2, Kuningan, East Kuningan, Kuningan, South Jakarta City, Jakarta 12950","b*u*c*, mee****, *mb*e**, *m*k**g, ek*p****at, pa**, **s**rn *o*d, **ca*g*t, eg*s b***d***, *o**um",https://www.google.com/maps/place/Loewy/data=!4m7!3m6!1s0x2e69f3e4cdd2e835:0x7deaacf54b87fe0!8m2!3d-6.2275116!4d106.8257537!16s%2Fg%2F1td8ftgl!19sChIJNejSzeTzaS4R4H-4VM-q3gc?authuser=0&hl=id&rclk=1
ChIJOU-DRF3xaS4RglxqldO_Chc,Le Quartier,*u*o*e*n*Re***ura**,FALSE,2826,"Name: *a**az Di****
Link: h**ps*/****.goo***.**m***ps/**a****N*****+Din**g/*-6****181,*06***7*3***uthuse*=*&hl**d*en*ry=**u
Reviews: 1948 reviews

Name: S**** ****he *unaw*r*a*
Link: ht*p*:*/w**.**o*le*c*m/*aps*sea*c*/*o*i**at**he**un***rma*/*********389999*99***1**.80*74*****t*us**=*&h*=*d*entr*****
Reviews: 1868 reviews

Name: *ut**& ******S*nopa*i
Link: **tp**//******og*e.*o**maps/*******Cu*t+%*****i*l***no****/*-6****7*2**0*.*13733?aut*u*er=*&**=*d&*nt*y=*tu
Reviews: 1683 reviews

Name: *IER**
Link: **t*s:*/**w**o*****c**/m*ps**e*rch**I*R*E***6*231**73*10****9*905?auth***r=**h*=i**en*ry=**u
Reviews: 635 reviews

Name: *muz *ou****
Link: **tp*:**w***g**gle.c***maps/s*ar****m*z**ourm*t**-6.***9*7*,106*8*****400*000*?**t*u*er=*&*l*i***n***=***
Reviews: 442 reviews",*t***//ww*.*e**a***er.*o.*d*,FALSE,Provide API Key,Provide API Key,Provide API Key,Provide API Key,Provide API Key,Provide API Key,Provide API Key,*e*Q*****er*(Pem**ik*,*tt**:/*w**.google****/*****c**trib***22*4062***9*4**55**,*ttp*:**l**.g*****us**c*n***t****/*/*F**ip*****s*k*W**e*Z9*c*F*q6Eec*_n*U*R***fF=w*0*-*306-*-no,Restoran Prancis,"Restoran Prancis, Restoran Eropa, Restoran Steak",4.6,07*0**23***,**e**A*l*Da*s,(0****7*7**003,"Jl. Gunawarman No.34, Selong, Kec. Kby. Baru, Kota Jakarta Selatan, Daerah Khusus Ibukota Jakarta 12110","*o*ant**, f*** *i**ng, *asa*a* ****a, v*l**, e***rg*t, *om*ha**, ca*e***n*, s*o**** a*ea, *g**o *li*, bar*a**n**",https://www.google.com/maps/place/Le+Quartier/data=!4m7!3m6!1s0x2e69f15d44834f39:0x170abfd3956a5c82!8m2!3d-6.2375233!4d106.8071622!16s%2Fg%2F12m9ks0gs!19sChIJOU-DRF3xaS4RglxqldO_Chc?authuser=0&hl=id&rclk=1
ChIJRerxK3DxaS4RIwwByfYBlY8,Agneya Restaurant,*ndon*sia**R*****r**t,FALSE,2328,"Name: Kaum****a*t*
Link: *ttp***/w*w**oog*e.****m**s****rc**Ka*m+*aka***/***.1*7***599999*995****.*24**6**a*thus***0&hl*i**en**y*t**
Reviews: 4391 reviews

Name: *ar*******grang
Link: htt********.goog*e.**m/*****se**c*/***a+D**n*gra*g/***.1*4**35*1*6**363****aut**s**=0&h*=id***try**t*
Reviews: 3890 reviews

Name: P****ran *****awa*g*a
Link: h**ps*/****.g**gl***om/m*p***earch***at***n+***rma*****a*@-6.254*188***6.***67*5*authu***=*&h**i**e*t***t**
Reviews: 3454 reviews

Name: *O*L*OOD***k*r*a
Link: h*tp*://w***g*o****com/*****se*rch/S***F*OD*J**ar*a**-6******2**9*9999*,1*6*8*7*0*****9***?*ut**se**0&*l=id&entr*****
Reviews: 1550 reviews

Name: NU*A*I****e***n G*st*on**y
Link: *t**s**/w**.go********/*a*s/s*arch*NU*A+I***nes*a*+G*s**o*omy/@**.269*3*9*1*6.81**0**?a*****e**0*h**id&******tt*
Reviews: 692 reviews",h***:***w**agn**a.co.*d*,FALSE,Provide API Key,Provide API Key,Provide API Key,Provide API Key,Provide API Key,Provide API Key,Provide API Key,A*n*y**R***auran* (****l*k*,ht**s******.********o*/m***/c*n*ri**102**31157028*97*71*2,*ttps:*/lh5.**o**e*serc**te*****m/p/AF1**p**H*q_*****X*B*j*r****c****R-2**hfu**e=**0*-*****k*no,Restoran Indonesia,Restoran Indonesia,4.6,*1**0*22*0*,Ope**Al***a**,*8***1066**64*,"2, Jl. Wijaya IX No.23 2, RT.1/RW.5, Melawai, Kec. Kby. Baru, Kota Jakarta Selatan, Daerah Khusus Ibukota Jakarta 12160","*e*ua*g*, *i*n*r, *tmo**h*r*, j**u*g, *n**ri*r, m***in*, *res**t**i, m***n***r*ama, ba***, w*k*",https://www.google.com/maps/place/Agneya+Restaurant/data=!4m7!3m6!1s0x2e69f1702bf1ea45:0x8f9501f6c9010c23!8m2!3d-6.2490487!4d106.8037204!16s%2Fg%2F11f130_qsq!19sChIJRerxK3DxaS4RIwwByfYBlY8?authuser=0&hl=id&rclk=1
ChIJKSZNwHHxaS4RHzihVeiYYN4,Patio by Plataran,"*oc**ed*****outh**ak**ta'* ups**l**r***d**ti** d*s*ri*t ** *eba**ra**Ba*u* Patio***n*e &******* *f**r*****e*clu*iv* d**i*g **v*r*nm**t***r *av***ng*ca*ua* A***n**n******er* ***h**-**las****f*av**s*exq**sit*** *r****te**f***t*e***st**i**e*ni***p*l*t*s****a**e**ll**des*gn*d*** mod*r*******e*n *ty*e* w*** *ri*ate**ini*g*r*o*s***n**a*s*yl**h *ar*an***o**ge,*P*ti* **nu* & *in****provi*e**a*c*zy s*tt*ng fo* * r**a**ic***nn**,***f*mily**elebra***n o* b*s**es* lunc*,***d**as b*co*e** *a*or*t* ****a*y**nd***s*an*ce*eb*itie* a*****fes*yle en***sias**.**Be*i*es******i**** **v*l****n*n**a*bi*nc** P**** *en*e * ***in* a*s* *r*ng* a touch ** *o**isti*ati*n t***ri*at* f*nctio*s *****ven**,****m co***a*l******es*to***r***ate*g****r***s.",FALSE,2083,"Name: Ag**y* ***tau***t
Link: *t*ps**/w*w.goog**.c*m/map**s*****/A*ne*a*Rest*u*a**/@**.***0*8**9*999995**06********99*9**9?au**u***=0**l=*******y=*t*
Reviews: 2329 reviews

Name: **ma*z ***in*
Link: ht*p**/*www***o**e.***/ma*s/******/N**a***Dini**/*-**24**81***6*****35*****user=0&*l=i***ntr*=ttu
Reviews: 1948 reviews

Name: ***lia*'**-**a**al**ini*g
Link: **tps***www.g*o**e.c*m/*****s*ar*h*William***s+-+Ca*ua*+******/**6*2****74*9**99*9,*******5237**uthuse*=*&h*=*********t*u
Reviews: 1543 reviews

Name: B**e *as***e
Link: **tp*****w*.*****e.co*/ma*s/****c*/*lu*+Ja**i*e/@**.2*07*6*,****78**1****999*9*a***u*e*=0*h**i*&entry=*t*
Reviews: 1431 reviews

Name: I**
Link: h*t*s:**ww**go**le.*o***ap*/*earc*/*v*/@**.25**19*,****8**2********9*?auth*s*r=*&*l=i**en****t*u
Reviews: 1088 reviews",h***:*****.*la*a*a**co*/*atio**enue*,FALSE,Provide API Key,Provide API Key,Provide API Key,Provide API Key,Provide API Key,Provide API Key,Provide API Key,**t*o**y**l*ta**n (*em**i*),**t***/**ww**oo*le.***/maps/co****b***2637*0*****77**1*41,***p****lh5**o*g***se**o*t*n****m/p**F1**pNTNYn5e*xKF**L*UJ_***IfJ*s*u*hO***z**=*4*8-**72**-*o,Restoran Italia,Restoran Italia,4.6,11****21**0,*p*n*A** D*y*,*82*-*****7787,"Jl. Wijaya XIII No.45, RT.2/RW.5, Melawai, Kec. Kby. Baru, Kota Jakarta Selatan, Daerah Khusus Ibukota Jakarta 12160","***a*an*n, **et*n*, r*m***is, *i*n*, n**m*n, **si*g*r*n*, ***et *ark***, ***ah, i***n*si*, *g",https://www.google.com/maps/place/Patio+by+Plataran/data=!4m7!3m6!1s0x2e69f171c04d2629:0xde6098e855a1381f!8m2!3d-6.2495526!4d106.8018471!16s%2Fg%2F1yglpxzk0!19sChIJKSZNwHHxaS4RHzihVeiYYN4?authuser=0&hl=id&rclk=1
ChIJ3yiSDfHzaS4RmgnzjYbGhrw,Henshin Restaurant,"****H*g**st*Ro*f*o* Bar *** *e****an***pan*s**D*ni*g *e**inat**n in In***e**a,*lo**t** o***** ******r*e **oors o* Th**W**t** J***r***f*** lev*l *7*to*69*",FALSE,2009,"Name: *aus*****ft***Se***budi
Link: h**p****w*w*goog***com*m*ps***ar**/Ha*****o*ft****e**a*u**/@-6.*0*8******.*28*7*?*u****er=0&*l*id&en*ry=t**
Reviews: 2762 reviews

Name: **aso*******t*s ***The*W***in J*k*rta
Link: **tp*://*******g*e.*o*/*a***sea**h**easo*****a***s+*t+T*e*W**t**+**kart***-6.22*9*6*9999***9****.833716**99*999**ut*u****0&hl*i***nt**=t**
Reviews: 1769 reviews

Name: ***K* *es*o *asu**
Link: ht*ps://*ww*go*gl*.****m*ps*****c*/*A-*A****t*+R*s*****-6**1*5****1*6*8**1***?*uth*s*r=0*h*=id&**try*tt*
Reviews: 476 reviews

Name: S** ****e* *afe
Link: ht*p*:/*ww**goog*e.*om/*a**/se*r*h*S***Gar**n+C*fe****.2***1***9*9999*,1*****9*74**999***?*uthus**=*****i**e*t****t*
Reviews: 400 reviews

Name: *L*NN*Di***&**ar
Link: h*tps:**ww*.*o**l*.**m/m*p****ar*****Y***Din**%**+B***@*******611*999*99****6.82*4**39****99*a*t**s*r=*&hl=id*e**ry=t*u
Reviews: 399 reviews",*tt*s:**w******s***jaka*ta.co**,FALSE,Provide API Key,Provide API Key,Provide API Key,Provide API Key,Provide API Key,Provide API Key,Provide API Key,H***h** R**ta*ran***P*m**ik),h*t*s:/*ww*.goo***.**m*ma***c**t*i**1****9*56*3****69156*,*t****//*h*.**og***s****nt**t.c*m/p*A*1Qip*o1j*k*sz*b*obh****0*l*UU***ko****O***=w**8**27*-k-n*,Restoran,"Restoran, Bar, Lounge",4.6,17***-**.*0,*p*****l Da*s,*0****27887*6*,"Level 67-69, The Westin Jakarta Jalan H.R. Rasuna Said Kav. C-22A, RT.2/RW.5, Karet Kuningan, Setiabudi, South Jakarta City, Jakarta 12940","l*n**i, c***tai*, ***hi, li**, s**s*fo*, *a*y*, **d*ng***pe*u, la***t, ***iv**s*ry, s**a",https://www.google.com/maps/place/Henshin+Restaurant/data=!4m7!3m6!1s0x2e69f3f10d9228df:0xbc86c6868df3099a!8m2!3d-6.2237891!4d106.8335536!16s%2Fg%2F11g9dfq6sf!19sChIJ3yiSDfHzaS4RmgnzjYbGhrw?authuser=0&hl=id&rclk=1
ChIJNx626AH0aS4RlQ5CSlPnxao,La Brasserie Restaurant,Sat*sf* y*****ra**n** with o*r d***c*o*s **tern**i***l******ne***d*As**n*se*ec*io** *n**u**A*l*D*y***n**g *e*ta*ra***La ***s*er*e.,FALSE,1935,"Name: *a*len*******taur*nt
Link: https:***ww.go***e*com******se*****Sai****ra**est*ur*n*/*-6*22**2***06.***9*4?***huse**0*hl**d***t*y**tu
Reviews: 2267 reviews

Name: P*.**.L* ******rant
Link: h******/*w***oo*le.c*m*ma*s*s***ch/P***O.L**Re****rant**-6*22***65,10*.8*********t*u*er=0*hl****en*ry**tu
Reviews: 896 reviews

Name: **g***ur** Re**aur*n*
Link: *ttps*//*w*.*o*gl**c*m*m*ps/s*ar***Si*n*t*r*s*R**t***ant*@*6.19*56*7*1*****1956*****9**?aut****r***hl***&*n*r*=**u
Reviews: 770 reviews

Name: ****A MA
Link: h*tps:**ww*.goog**.**m/m******a*****O+*A*MA/@*6.***942******8**1*07?au*****r*0*hl=*d*entr****u
Reviews: 725 reviews

Name: R**a*Re*t****nt
Link: ht*p*********o*g*e*****map**search*R**a***s**ur****@-6*20*0*****6.***6***au*h*ser=0&*l=id&*ntry*t*u
Reviews: 263 reviews",*t**s:*/*ww.ma*r**tt.c*m*en*u**h***l**jkt***le*m*ri******a**rt**d*n***/?s*id=f*ed6****9a*f***e1-**f6*1***4*11*1**,FALSE,Provide API Key,Provide API Key,Provide API Key,Provide API Key,Provide API Key,Provide API Key,Provide API Key,La*B**ss**i* R**t***ant***e**li*),htt***/**w**g*o*le*co**ma*s***n*rib*1*16*8*8*323*9****7**,h***s:/*lh5.****l***e*cont*nt.c*m/p*A**Q*********j*be*5*****LMR***wo*kR*UIW7G*i**w4*8*h*7*-*-**,Restoran,Restoran,4.8,Bu** ****am,***n A*l*D*y*,*02*) **1***1,"Jalan Jenderal Sudirman Kav 18-20, RT.10/RW.11, Karet Tengsin, Jakarta Pusat, DKI Jakarta, Daerah Khusus Ibukota Jakarta 10220","buf***, ho***, *as*kan*in*o*****, me****g, ma*a*a* **i*, w***e*n*foo*, *u*h, ac***, gath*****, ***mm**g po**",https://www.google.com/maps/place/La+Brasserie+Restaurant/data=!4m7!3m6!1s0x2e69f401e8b61e37:0xaac5e7534a420e95!8m2!3d-6.213105!4d106.81872!16s%2Fg%2F12hr56j3f!19sChIJNx626AH0aS4RlQ5CSlPnxao?authuser=0&hl=id&rclk=1
ChIJnSa5FlvxaS4R9_E5t2Wxalc,Sofia at The Gunawarman,"R**tor******el*m*n**an y**g***n**j**a* mak*nan*Ita*ia*******is * As*** *lus **k*a**, d* *u*** **eg*n*",FALSE,1870,"Name: Le*Q*ar****
Link: h**p*:/*www.goo*l*.*o***aps*s**r***Le******i**/@-*.**75232999*99*9**0*.******2*a**hus***0**l=*d*e****=*tu
Reviews: 2826 reviews

Name: Ok**on* Ja***es***i***g
Link: htt**:***w*.**og*e***m*m*p***ea*c*/O*****o+*a*anese+Di**n*/*-6.*33*88799**99*9*,1*6*8********99***?*u**u*er*0**l*i*&***r*=t*u
Reviews: 2693 reviews

Name: N****z **n*ng
Link: h**ps***w***go***e.co**maps/se**ch/***a**+Di*i**/@**********1*6.8*70**?*uthu**r*0&hl***&*nt**=t**
Reviews: 1948 reviews

Name: **N*JA
Link: *t*ps:***w****og****om/maps*s**r***P**T*A/*****3**34**999*9*95**06.8*902****uthu*er****l=*d&e*t*y=***
Reviews: 742 reviews

Name: *m*z **u*me*
Link: h*****/****.*oo*l*.*om*ma******rc***m*z+G*u*me**@*****59*78,1*6*80**2240**0**1?*ut*user*0***=***en*r*=ttu
Reviews: 442 reviews",h*t*:*/*ww***e*u*a*a*ma*.***/,FALSE,Provide API Key,Provide API Key,Provide API Key,Provide API Key,Provide API Key,Provide API Key,Provide API Key,S**ia**t ******n**a*man*(P*mil**),*tt*s*//w**.*oog*e******ap**c**t*ib/*1*9*810*7***16*7*7**,*t*ps:****5.*oo**eus*****t*nt.*o*/*/A**Qi**j-*TV7kA*6***R***1*0*B*U*n*o*f*1*u***=w4**-h**2**-n*,Restoran Mewah,Restoran Mewah,4.4,0*.**-*3.**,Ope**A***Da**,087**2**7**0*7,"Jl. Gunawarman No.3 6, RT.6/RW.3, Selong, Kec. Kby. Baru, Kota Jakarta Selatan, Daerah Khusus Ibukota Jakarta 12110","i*t*r**r, m****ng, **rki*, ***kin*, *e* s**e, **asi*, na*i****e*g, ***ay*na*, m***a, **p*b*ntu*",https://www.google.com/maps/place/Sofia+at+The+Gunawarman/data=!4m7!3m6!1s0x2e69f15b16b9269d:0x576ab165b739f1f7!8m2!3d-6.2315139!4d106.8077447!16s%2Fg%2F11cn8t175f!19sChIJnSa5FlvxaS4R9_E5t2Wxalc?authuser=0&hl=id&rclk=1
ChIJ6Vo6Uu7xaS4Ry54kTIsSyIk,THE GARDEN OSTERIA,,FALSE,1716,"Name: **teri**G*a***ll P****ic *la**
Link: h*****/**w*****g**.com/ma*s*s****h/*st*ria+Gia***ll+P***f*c+P***e*@-**22***14*99*9**9,1*6.8**32**?*uth*s******l**d*entr*=***
Reviews: 3298 reviews

Name: *s****a **a**la*a*I*do*es*a
Link: h**p*:*/*w**goog*****m****s***ar****s*e**a+G*a+*l**a*Ind*n*si******19*9*549*9*9*9*,1*6*8*2***6?*u*h*ser*0&h*=***entry=**u
Reviews: 1566 reviews

Name: Bo**e*a R*st*****e
Link: *****:/*www**oo*le.c*m/m****se**ch*B**te**+Rist**ant**@**.*2**5**,*06*8*73**09***9*9?a**hus*r**&***id*e**r****u
Reviews: 1329 reviews

Name: *O***O*ter**** **r *CBD
Link: h***s:*/*w*.*o***e.***/m*ps/se**ch/R***+O*t*r*a*%**+**r+S**D**-6**2**9**,1***8*7459*****h*se*=0&*l****e*t*y=t*u
Reviews: 1285 reviews

Name: *st**ia**I* *o***k I*d*h***l* 2
Link: ***p**//w****o******om**aps**e*r*h/O*t*ria***A****do**Ind*h***ll+**@-6.**6**4***99*9*9**10**7*325*?**t*us*r=0*h*=**&ent**=ttu
Reviews: 937 reviews",ht*******w*.*nst***a*.c*m/th*gar**n****ria**d/,FALSE,Provide API Key,Provide API Key,Provide API Key,Provide API Key,Provide API Key,Provide API Key,Provide API Key,*HE*G*RDE****T**** (Pem*l**),htt***//**w**o*g**.*o*/*a*s/c*****b**15*7**886**5**6*0124,***ps*//lh5**o***e**e*c**tent**o**p/***Q*pO*N*J***z2hC*w4N**9w-c**ooYs9H*HX*P****w***-***2***n*,Restoran Italia,"Restoran Italia, Bar",4.7,11.****0**0,**en*Al***ay*,*8**-8453-****,"1, Jl. Suryo No.38, RT.6/RW.3, Rw. Bar., Kec. Kby. Baru, Kota Jakarta Selatan, Daerah Khusus Ibukota Jakarta 12180","**a, v***t, *st*t**, ***l*ys, yo**, p*r**b**ly, **r m**c*r, *u*su*, k**, lel***u**a*tu**",https://www.google.com/maps/place/THE+GARDEN+OSTERIA/data=!4m7!3m6!1s0x2e69f1ee523a5ae9:0x89c8128b4c249ecb!8m2!3d-6.236062!4d106.813671!16s%2Fg%2F11rv09mxr0!19sChIJ6Vo6Uu7xaS4Ry54kTIsSyIk?authuser=0&hl=id&rclk=1
ChIJnS8-uuTzaS4RJ55-dVRQY_8,J.Sparrow Bar & Grill,,FALSE,1697,"Name: Blue*r*****a* ***ri*l
Link: h***s:***ww*go*g*e*c*m*m*p*/se**c*/B*ueg*a**+**r**26+**i*l/@-**2***093,*0*.8**401**au**u**r=****=*d**n**y**t*
Reviews: 4346 reviews

Name: L**w*
Link: ht******w***g**gl**c***ma*s/sea***/*oewy*@-6.2*7****,1*6.**57*******99*?au*h***r=0&*l*i*&e**r*=*tu
Reviews: 2925 reviews

Name: **k*o***R**taur*n* & **r
Link: *t*p***/*ww.g**gl*.*om/*a***s***ch*****oo*+Re**auran*+*****a*/*-*.2******9*99***9**06**25*856***t**se*=0*hl=id&e****=ttu
Reviews: 235 reviews",h*tp:**foo*e****ne***.*o*/,FALSE,Provide API Key,Provide API Key,Provide API Key,Provide API Key,Provide API Key,Provide API Key,Provide API Key,J**pa*r*w*B*r** Gri*****e*ili**,h**ps:*/w*w.g**gl***om**ap*/con***b/***31**70*****80***6*,*t*p**//*h*.*o****use**o*t*****om/**A****pMFk*O*F*x**t8g-**g0*Y9*b-db*0*S*xeY**u*w4**-h***-***o,Restoran,Restoran,4.6,11*****3.0*,M*n*g*,(0**) ****181*,"Noble House Mega Kuningan Lantai GF, Jl. DR. Ide Anak Agung Gde Agung No.2 Kav. E4.2, RT.5/RW.2, Kuningan Tim., Daerah Khusus Ibukota Jakarta 12950","**ve**u*ic, st***, m****ng, **bi**t, b*n*, *o*k**el*y, *o**ha*k, **n**ai*k*pa* *a*a*, *sc***ot, *us******ll *ut",https://www.google.com/maps/place/J.Sparrow+Bar+%26+Grill/data=!4m7!3m6!1s0x2e69f3e4ba3e2f9d:0xff635054757e9e27!8m2!3d-6.228174!4d106.825639!16s%2Fg%2F11c5533ztf!19sChIJnS8-uuTzaS4RJ55-dVRQY_8?authuser=0&hl=id&rclk=1
ChIJRzuNrlvxaS4RF8trJRwc9ek,William's - Casual Dining,N* **r* a*d**o*La******lli**** of*e*s*a*thoug***ul me*u***m**e*t* We**e****sian*co**o** foo* *n*a *ai**a*k**l*******a*ed**n*t***h*art of Ja*ar*a***ce*t*** *u**n**s*d**t*ict*,FALSE,1544,"Name: *he*Pa***s
Link: ***p*:/*w*w.g*o*l*.*o***a*s*s*a*ch/T***P*l**s/*-6**2**3*4*1**.*0**38*9*9*9****u*h**er=*&**=id&e*try***u
Reviews: 2252 reviews

Name: P**io *****a**ran
Link: http******w*g*o****c**/*a*s*sea*c*/P*t***b*+Pl*t***n*@*6.****5****9*99****106.*018*7*9*9****?**t*user=0*h*=***entry*ttu
Reviews: 2082 reviews

Name: *ut* &*Gri** **n****i
Link: *t*ps:**w*w**o*****co*/m*p*/s*****/C*t*+%26+*ril**Sen*p*ti***6.*357***10*.81***3*a*t*u**r*0&hl*****n**y*t**
Reviews: 1683 reviews

Name: **u**Gou*me*
Link: h*****//*w****o***.*om*m*p***ear*h/A**z+G**r**t/*-*.**59*78*1**.80*6*****00*01?authu*er**&**=id**n***=*t*
Reviews: 442 reviews",***p*//wi**ia**.***id/,FALSE,Provide API Key,Provide API Key,Provide API Key,Provide API Key,Provide API Key,Provide API Key,Provide API Key,Wi*****'**- *as*a**Din*ng*(**m*l**),****s:*****.*oogle.com/ma******t****107*251**2*4**753*6**,*t**s*****5.**og*e*se*co*t**t.com*p/****i*N*2q*k-Vb***u**N*Pch**h***Q*****qs***X=**08-h*72-k-**,Restoran Masakan Barat,"Restoran Masakan Barat, Restoran Asia, Bar Minuman Koktail, Restoran Masakan Perpaduan, Restoran Indonesia, Restoran",4.5,10**0****00,O**n*Al**D**s,0*11*947*****,"Jl. Tulodong Atas No.28, Senayan, Kec. Kby. Baru, Kota Jakarta Selatan, Daerah Khusus Ibukota Jakarta 12110","s*l**n, ***i*gore**, **et*n*, **gy*, na**, *u*a*, *la*i**, *a*e*, ***i*nt, ru*** *o**a",https://www.google.com/maps/place/William%27s+-+Casual+Dining/data=!4m7!3m6!1s0x2e69f15bae8d3b47:0xe9f51c1c256bcb17!8m2!3d-6.2309175!4d106.8095237!16s%2Fg%2F11fxxsgb92!19sChIJRzuNrlvxaS4RF8trJRwc9ek?authuser=0&hl=id&rclk=1
ChIJT_YHalrxaS4RaCoCeuFap44,BISTECCA SCBD,A**I*ali**-**er**** *ho****s* ***h **d*g*****a*red-bl*o**d***n**and a**p*endi* ma*tini***r*,FALSE,1423,"Name: Os*er***G***Ma*l**acifi***l**e
Link: *t*p*:*/*****o**l*.c**/*aps*sea**h****er*a+G**+**ll**a*i*ic+P*ace*@-*.*2**5***99***99*10*.***3*2**a*****er=0&h*=id&en*r****u
Reviews: 3298 reviews

Name: ***ba St***
Link: h*t**:/*ww*.**og*e*c***m*p*/sea*c*/*b**a+*te*k/*-*.2*******9999*9*5*106**1**3*69**9999***thu*****&h*=i**e******tu
Reviews: 2530 reviews

Name: C*tt** G*i*l***n***ti
Link: ***p**//*w**g*o**e**om/****/s*a**h****t**26*Gr**l+S**op***/*-6.2357**,*06.*****3?au*hus*r*0&*l=i*&*n*****tu
Reviews: 1683 reviews

Name: **t*eg* ***t*r*nte
Link: *t**s**/w****o*g**.*o*/maps*s******B***e*a+**st**an*e**-6.*2*1**9,1*6*8073450****999*a**hu***=0&hl*i*&*n***=t**
Reviews: 1329 reviews

Name: Alt****e **i*l
Link: *t*p*:/**w***oog**.***/***s*sear*h*Alt*tu*e*****l/*-*.1******,1****2193*8?*u**use***&h*=id*e*tr*=t*u
Reviews: 435 reviews",**t*s**/***.un**ngr**pj*k*r*a*com****ta*ran*/*is****a,FALSE,Provide API Key,Provide API Key,Provide API Key,Provide API Key,Provide API Key,Provide API Key,Provide API Key,**S**CC**SC*D **e**lik*,**t*s**/w****oogle.*om*map*/con**i***1**6******8*0**39*83,h*tps:**l**.g****eu*ercont****com**/*F*Q*pNx*rbV***2PP*I*Dq6*b*Ri******V**D*5****w*2*-****-*-*o,Restoran Steak,"Restoran Steak, Bar, Restoran Italia",4.5,**.***00*00,*pen*A***Da**,**21* 5*5***0,"18 Parc Place SCBD Tower C Ground Floor, Jl. Jend. Sudirman No.52-53, RT.5/RW.3, Senayan, Kec. Kby. Baru, Kota Jakarta Selatan, Daerah Khusus Ibukota Jakarta 12190","*i*e d*n***, *om*h*w*, ***n**ure, tr****e, b**** ala**a, r*v*o**, ay*m**en**g*, *p*le**r**p, en**, *g**o *li*",https://www.google.com/maps/place/BISTECCA+SCBD/data=!4m7!3m6!1s0x2e69f15a6a07f64f:0x8ea75ae17a022a68!8m2!3d-6.2300566!4d106.8100401!16s%2Fg%2F11cp7w1530!19sChIJT_YHalrxaS4RaCoCeuFap44?authuser=0&hl=id&rclk=1
ChIJP8bvQ13xaS4RgueoWi9kdBA,Turkuaz,"*u***a******t***t*********h *n* ***om** ***si**, **med after*Me*i*err*n*an*o**a*** *lu***olor*offe*s *uthe**** *****s* d*n*** e**e****c* le** by*Pro*r*et*r*a***Hea****** Se*a* Z*rl** a*vi*****r* and*inn**a******urk**h c*e*****ts***d*n* d*dic*t*o* *** *n *n*ur* lo** *f***t*m*n c*is**es*ar****e **d**s*a*emen* **c**l*n*e**ha* Ch***Sez*i Zorl***em*ns**a*** ***i*g*h*s 2**years*of*c*l**ar* *x*e*i*n*e. *hef**eza* **r***i* *x*********co*ti*ue*to share******u***ne in**is*new res*au*ant* ***w***g** *ki*l**an* u*d*u*t*d*exp***is***i*****e*yo***in *aka*t**",FALSE,1352,"Name: ** *u*rti**
Link: *t**s:*****.*o**l*.com*ma**/*e*rc**L*+***rtie*/**6.**752*2*9**9**9*10***0**622?**t**ser*0**l=*d&*n****ttu
Reviews: 2826 reviews

Name: **r*** T***i Sh*s*a *o*n*e
Link: ****s://ww*.go**le***m*ma**/s*a*****a****+**rki****s**+L*u*g**@-6***908**,*06.814*584***9*9**au*h*se*=0*h*=*d*****y*ttu
Reviews: 1046 reviews

Name: *st***u* *eb*****r*i *CBD
Link: h*******w**.*oog**.***/m*p**sea*ch**st*nbu****bab+t*r***S**D*@*6.2**0688*10*.8***78*0*0**0***uth**e**0*h**id&ent*y*t**
Reviews: 0 reviews",*ttp:*****.tu**u**ja**rt**com*,FALSE,Provide API Key,Provide API Key,Provide API Key,Provide API Key,Provide API Key,Provide API Key,Provide API Key,Tu***az*(**mil***,**t*s:*/w**.g***l*.co*/***s/*o*tr*b*11**2*3***640*8***81*,**tps***l**.g**gleu**r*o***n*.c**/p**F***p**-MS*E5D65R*jA*7***O*BM*5***Wa7fPE***=w*****307****o,Restoran Turki,Restoran Turki,4.5,1**0**2**00,O**n**ll**a*s,*0*1)*72*9**4*,"Jl. Gunawarman No.32, RT.5/RW.2, Selong, Kec. Kby. Baru, Kota Jakarta Selatan, Daerah Khusus Ibukota Jakarta 12110","int*r***, **n**el, *u**us, pa**i*, *h*s*a, **a*t*r, me**, ka***t, la***, c**f",https://www.google.com/maps/place/Turkuaz/data=!4m7!3m6!1s0x2e69f15d43efc63f:0x1074642f5aa8e782!8m2!3d-6.2373385!4d106.8071997!16s%2Fg%2F1pv5zftyc!19sChIJP8bvQ13xaS4RgueoWi9kdBA?authuser=0&hl=id&rclk=1
ChIJKz1dpdrxaS4Rs9qY50RAgCA,ROMA Osteria & Bar SCBD,O**e**a*a*d bar*****u**** qui***s*e**i** R*man*cla***** *nd**t**ia* cock***l*.*A* I***i*n*es**b*ish**nt*****he**nion***oup.,FALSE,1285,"Name: Ma**a**os*
Link: h*t*s:/*******ogl*.com/ma*s*****c**M***a+Rosy*@**.*63***6,106.*1*9*98****9**?**th***r*0&hl**d*e*t*****u
Reviews: 3543 reviews

Name: Oster****** *a***Pa*i*i* *l*ce
Link: ht*ps://w**.*o*gle*c*m**aps**e*r*h**s*eria*Gia*Ma**+***i*ic*P*a***@**.*2*0514999**9**,**6**103*2****t****r****l=**&*n*****tu
Reviews: 3298 reviews

Name: T****AR**N **TE*IA
Link: *t*p**//**w.g*o**e*com/maps*s**rc***HE+**RD*N******I**@*6.2*606199*9*9***5**0**8**6****uthuse*****l=i*&**t*y***u
Reviews: 1710 reviews

Name: *IB**** Kit**e*** Ba*
Link: h*t*s****w**g**g******/*aps*s*arch*LIBE*T*%*C*8*+Kit*h*n***6***r/*-*****4089**0*.*17**7**9**999?aut*u**r=**h*=**&**try=t**
Reviews: 397 reviews

Name: R**s*
Link: **t*s**/w**.go*g***co**maps****rch/**ss*/@*6.*0**8369****99*5**0*.****2*3?**t*us**=**h*=*d***try*ttu
Reviews: 136 reviews",htt*s*/*****unio*g*ou*j*k*rt*****/r*s*a*ra*t/****,FALSE,Provide API Key,Provide API Key,Provide API Key,Provide API Key,Provide API Key,Provide API Key,Provide API Key,*OM* *ste*i**& *** ***D *P**ili**,h*tp*:/*ww*.g*o**e**om*ma*s*con*rib***1*******4*247***0**,***p***/***.g*ogleus*rco**e*t.*om***A***i***K**s*-***k*****LB7uDjG*4*LKV*Y6*9x6s=**08**54***-**,Restoran Italia,"Restoran Italia, Bar",4.4,*1***-01*0*,***n A*l*D**s,(0*1)*2**9*8**,"Sequis Tower Ground Floor #03-01, Jl. Jenderal Sudirman No.Kav. 71, RT.5/RW.3, Senayan, Jakarta, Kota Jakarta Selatan, Daerah Khusus Ibukota Jakarta 12190","ged***, c***ta*l, **n*or, *o*k, m***i*g, *mo*i** a*e*, te*de****n, **d, **cu**ty, m*t**",https://www.google.com/maps/place/ROMA+Osteria+%26+Bar+SCBD/data=!4m7!3m6!1s0x2e69f1daa55d3d2b:0x20804044e798dab3!8m2!3d-6.2252931!4d106.8074596!16s%2Fg%2F11c1qmrj_1!19sChIJKz1dpdrxaS4Rs9qY50RAgCA?authuser=0&hl=id&rclk=1
ChIJP9NKVX7xaS4RUqbmlwXVSpw,El Asador South American Restaurant Kemang,S*u*h*Am*r*c****tea****se,FALSE,1262,"Name: *b**awas *es*a*ra** * *e****
Link: **t*s**/ww*.***gle.co***aps/*e**c****u***a*+R*****r******K*ma**/@**.***93**,106**185*8*?aut*use***&hl=id*e*tr*=*t*
Reviews: 2616 reviews

Name: *U*A****one*ia* Gas****o*y
Link: http*:*/****googl**co*/ma*s/********U**+I***ne*ia***ast*o*om****6**6*13***1*6.******7**uthus*r=0**l=*d&*n*ry*tt*
Reviews: 692 reviews

Name: M**t M* ****k****e *n* B*tc****, K*ma*g
Link: *t**s*/*www.go**l**co*/*a**/se*rc*/*e*t*Me+**e*kh******nd+Butch***%2*****a*g***6*26*136*99**9*******.8*2*9***9*9**9?**t*use**0**l=i*&*ntr*=*t*
Reviews: 249 reviews

Name: A3 **ea**H**s*
Link: *t******w******g**.****ma***search*A3*Ste***H*u*e/@-6.****6*8***9*9995*10**8*1*609*99**9*?a*th*se**0&h**id*entr*=***
Reviews: 98 reviews

Name: AL***TE**
Link: h*tp**/*ww*.googl***o*/****/s***c*/A*I+*TE**/*-6*****79**9**9******0*.**501**authuse**0***=**&ent*y=*t*
Reviews: 4 reviews",***p*//e*a***or.co**d*,FALSE,Provide API Key,Provide API Key,Provide API Key,Provide API Key,Provide API Key,Provide API Key,Provide API Key,E****ad***S**** Am**ic***R**t*u*an**Kem**g (Pemil*k*,***p**//ww*.google*c***********tr*b**083*2*1*097*84***15*,h***s://lh*.*oogle*ser*o*te***co*/p/AF1Q******t***o***l***H****R*KRf***H*m*9****=w4***h**0-k*n*,Restoran Amerika Selatan,"Restoran Amerika Selatan, Bar & Grill, Restoran Amerika Latin, Restoran Steak",4.5,1*.0**2*.**,Open**l*****s,(02****1*2**6,"Kemang Point Building Ground Floor Jl. Kemang Raya No. 3 Bangka Mampang, Prapatan No.RT.4, RT.4/RW.1, Bangka, Kec. Mampang Prpt., Kota Jakarta Selatan, Daerah Khusus Ibukota Jakarta 17230","**i*l, pi**** *ag**g, *e**o*a* *t*ak, *ayu*b*k**, *i******kem*ta*gan, *ak**a***m*r**a Se**ta*, *ib*, c***ic*u**i, ***an*a, *la*",https://www.google.com/maps/place/El+Asador+South+American+Restaurant+Kemang/data=!4m7!3m6!1s0x2e69f17e554ad33f:0x9c4ad50597e6a652!8m2!3d-6.2559982!4d106.8150035!16s%2Fg%2F1pt_s7bzt!19sChIJP9NKVX7xaS4RUqbmlwXVSpw?authuser=0&hl=id&rclk=1
ChIJ_zh9TXfxaS4RoFJBiBh54Sw,Jakarta Restaurant,"J*ka*t**Rest**r**t*is an*a*l***y***nin***e*t**ra** wi** a **r* **s*al*& **** **m*s****e***es*n**ng a*t*e*tic I*done*i**,****an*an**West*****ui*in****th *ndoo***n* *u****r f*ci***i**.",FALSE,1140,"Name: Pl*ta*a****a**awan***
Link: h**ps*//**w.*oo**e.c***maps**e*r**/**a***a**Dh*r*aw**g**/@-*.2***188,1**.8***78*?*ut**s**=**hl**d&****y*t*u
Reviews: 3454 reviews

Name: S*******a**estaur*nt
Link: htt***/****.goo**e*c*m/m********c*/Sa**e*dra+*e*ta*r*n**@***227****1**.8269**?***hu*er=0**l**d**ntry*t*u
Reviews: 2267 reviews

Name: **y
Link: ***ps**/***.go**l**c*m***ps/**a**h*Iv*/***.**48*9*,*0**80*282399999***au**user*0&h***d**n****ttu
Reviews: 1088 reviews

Name: Y*k*ni***a
Link: **tp*:/***w****g**.*om***ps**ea*c**Ya*in*ku*a***6.25***0**1*6.**160****uthus****&*l*id*e*try=*tu
Reviews: 659 reviews

Name: **d*r**K*tche*
Link: **tps*****w**o*g*e*co****ps*sea*c*/*a****+Kitch*n/@-6.****0****06.**14*7*?au*h*s***0*h*=i***n**y=*tu
Reviews: 149 reviews",htt*:*/w**.*****h***a*angs*.*om*,FALSE,Provide API Key,Provide API Key,Provide API Key,Provide API Key,Provide API Key,Provide API Key,Provide API Key,Jak*rt**R**tau*ant ***m*****,h**p******w******e.com/*ap*******ib/1**4935703*11**3*6*66,h******/l*5.go***eu**rc*nt*n***o*/**A*1Qip**LN*-xi*q*jTo*g**W*g*o_*f***6***q*v3h**4****2*0**-no,Restoran,"Restoran, Restoran Asia, Kedai Sarapan, Restoran Masakan Barat",4.8,*7.0**2**0*,*pen*A****a*s,0****102**9*9,"Jl. Brawijaya Raya No.26, RT.1/RW.2, Kebayoran Baru, Kec. Kby. Baru, Kota Jakarta Selatan, Daerah Khusus Ibukota Jakarta 12160","pe*a**n**, kel*a***, h*t**, m***i*g, *r***an*n, ***ate**s, *****an **d*n*sia, m***h, ti**g*, s**e*a",https://www.google.com/maps/place/Jakarta+Restaurant/data=!4m7!3m6!1s0x2e69f1774d7d38ff:0x2ce17918884152a0!8m2!3d-6.2532037!4d106.805117!16s%2Fg%2F1hc1yk4dd!19sChIJ_zh9TXfxaS4RoFJBiBh54Sw?authuser=0&hl=id&rclk=1
ChIJN-liPiH0aS4RcVGb18a884U,OSO Ristorante Indonesia,"***a**ce**b***** p**pl** *m*t*o***n**f*avo*s***th *ts b*i*h***e****nt*and rom******am**e**e. **mo*e** Eu*****n *e***ur*n*,*The*Os**r b*i**s****et*er r***p*s***o**all**ver Eu*o*e*w*th a *o**r* t**s*,**e*f**t *o**a***celebra*i** of l*****nd h**pi****.",FALSE,1100,"Name: Os*e*** *i**Pl*z**I*d*n**ia
Link: ht*p*:**w*w*g*og*e**o**map**sea**h/Os*eria*Gi****a***I*do******@*6.193*354*9**9**9**06****6376*a****se*=0&h****&**t****tu
Reviews: 1566 reviews

Name: **p***m*m* **and Ind*n**i*
Link: https:*/*w**g*og*e*com/ma*s*s**rch****ol*m****Gr**d*I*do*e****@*6*1**0**1**06*82**8*8**99**9**u***se*=**h**id&**tr*=**u
Reviews: 841 reviews

Name: *R* **a*i*n**es**urant **k***a
Link: *tt**:*/**w*go*g**.*o****ps/s**rch*O******l**n*Re*taur**t***k***a**-**25*722,106.*10772***th****=0&**=id**ntr*=***
Reviews: 634 reviews

Name: **stro B**on****ar*Pl*z* **d**e*i*
Link: *tt*****w***goo*l*.**m****s/sear*h/**str**Ba*o*+*2*+*a**P****+**do****a/@-6*1*****,106*8**106*?aut*u*er=0*hl=*******y=**u
Reviews: 499 reviews

Name: **z*a*e*Birra** *laz* *****e*i*
Link: *t***:/*ww*.g***le*c*m**aps****rc*/*i*z*+**4%97*B*rr****Pla*a+*****e*ia/@**.1*2*009,106*8**1*1*?*********0*hl=**&ent*y=***
Reviews: 347 reviews",h*tp*:/**lt*tu**ja*a*****om*,FALSE,Provide API Key,Provide API Key,Provide API Key,Provide API Key,Provide API Key,Provide API Key,Provide API Key,*SO *is***a*t* I**onesi* *P**i****,***ps********o**l*.co*/**p*/c*n*ri**11*0*4**333*8**623360,h**ps**/**3.****l***e***nt***.c**/g**-*****/*L****GR*114*B*yze**h*4*Q***7*A*iwL**R**J*3bT*KCm*U1*******J*suB***aq***u**G***cOG****Y*2e**GC**PW*X25e**n*CF*X****Glxc_Bd*****2*r1****cvQrJeOZ*V**fH**c*FnM**PM**C3*F_I**5PN**ypO*vG*xj*_T*Z*=*408*h2**-*-n*,Restoran Italia,"Restoran Italia, Restoran Eropa, Restoran Mediterania",4.6,****0**2.00,***n A*l **y*,***1)*299*2**8,"The Plaza Office Tower, Jl. M.H. Thamrin No.28 - 30, RT.9/RW.5, Gondangdia, Kec. Menteng, Kota Jakarta Pusat, Daerah Khusus Ibukota Jakarta 10350","*om*n*i*, f*n* di****, s**a*, *n*iver****, j*n*e**, m****oom*s*u*, p**ay*n**, lob****, *r*f*l*, g***le*",https://www.google.com/maps/place/OSO+Ristorante+Indonesia/data=!4m7!3m6!1s0x2e69f4213e62e937:0x85f3bcc6d79b5171!8m2!3d-6.1934204!4d106.8218937!16s%2Fg%2F11bbrj6ptg!19sChIJN-liPiH0aS4RcVGb18a884U?authuser=0&hl=id&rclk=1
ChIJ_02K8JbxaS4RX9G3vNqXim8,PA.SO.LA Restaurant,"**SOLA**el*br**e***h***o*al***rm*r*and f*od ****s*ns o**I*donesi***Of*e**ng*a la c*rte**p**on*,***cad****b*ff******l**er*,*sig**tu** *ock**i** and*** **t***iv*****e*li*** t**s*al**da***i**ng *****ur**t**o*s**f**Jakarta** co***polit*n****e**e.",FALSE,899,"Name: **to*
Link: *ttp*://*ww*goog****om/m**s***a*ch/*a*oo**-6*2*2****,****8*8*2*7***99**?aut***e**0*hl****ent*y=t**
Reviews: 3576 reviews

Name: **e**a*las
Link: h*t**:*/www.go*gle*c*m/m***/**a*ch/***+Pal**s/@**.2***31**10*****1*8*9***9*9*au*h**er******i***ntry***u
Reviews: 2252 reviews

Name: L***r*sse**e**e**au**nt
Link: h***s***ww*.***g***c*****ps**e*rch/La+Bra*s*rie+******ran*/***.****05**0**81*72*auth*se*=0&**=id&**t**=t**
Reviews: 1934 reviews

Name: Ody****a**ac*fi* *l**e
Link: ht*ps*//*w*.**ogle*co***a*s/**a*ch**dys*ei***acif*c*P*a****-6.2*****2*10*****8**5*999*99***thu******hl**d&***r*=*tu
Reviews: 1739 reviews

Name: A*R*Z **fe***e**n*rg*
Link: *t*ps://*w***o***e.****m*p*/**a*ch/APREZ**a**+***+***rg****6*2***84*,106***63***?a*th*s**=*&h*=i**ent*y=**u
Reviews: 367 reviews",http**/***w.**r***tt*c**/en**s**ining***s*aura***ba*/**t**-****ritz*c**lton-*a*ar*a*pa*i****p****/153**7***-*o-*a-**st**ra****i,FALSE,Provide API Key,Provide API Key,Provide API Key,Provide API Key,Provide API Key,Provide API Key,Provide API Key,**.*O*LA*R*staur*n****e*il***,****s:/*w*w.g**gle.*om***p*********/*0*3***1485***2981204,*t*ps*//***.****l*u*****n**n*****/*/A*1Q*pOA**kDtDwn*Wsn_*oa***Fr****B9xbw****0*=w***-h2*3-**no,Restoran Prasmanan,"Restoran Prasmanan, Restoran Mewah, Restoran",4.8,06***-**.*0,Ope***l**D*y*,*0*1) 25***9**,"SCBD, Sudirman Central Business District, Jl. Jend. Sudirman kav 52-53, RT.5/RW.3, Senayan, Kec. Kby. Baru, Kota Jakarta Selatan, Daerah Khusus Ibukota Jakarta 12190","h*t**, ***nch, ***z *ar*t*n, *a***mi, b*k***u*sa, t*e***nu, *in***i**ng, mas***n*i*d*ne***, m**ti**, s***on",https://www.google.com/maps/place/PA.SO.LA+Restaurant/data=!4m7!3m6!1s0x2e69f196f08a4dff:0x6f8a97dabcb7d15f!8m2!3d-6.2239365!4d106.8097798!16s%2Fg%2F1hf68qc8v!19sChIJ_02K8JbxaS4RX9G3vNqXim8?authuser=0&hl=id&rclk=1
ChIJ22OByHLxaS4RLMY1bVzr_Cs,Javanegra Gourmet Atelier & Taverna 212,Jav***g***G**r*e* **eli***( **N**st*r**r *s *n Om***se**sty****r***** d***ng *sta**is***** in*20****I* serv** *uthe*t*c***a*****Med*t**r*n*a**and some ****n***an **l*ghts**ou***o* b**C*e* O**** *nd**a **re***u * Re** ****d*d* ta*ing***es*s****a v***ge**f*its*g*s*r*no**c cu*t*r*.*O*********a spa** *f 4* *u**ts* *t *e*e**les * co*tem*o**r* Sp****h *a*er* and o**ns **r re**rv*****s*o******f*e*ing**n***a****i**ng e**e*i*n*e* f***e*ic*res*,FALSE,875,"Name: *e *u**ti**
Link: ****s:*/www*g*o*****o*/**ps/se**ch/L*+Q***tier***6.*37*2**9**9****,1**.*071*22****h****=*&*l=id*e*tr*=*t*
Reviews: 2826 reviews

Name: T***o*Ja**r*a
Link: h*t***/**w*.*oog*e**om/ma*s*s*a*c**Tx**o*Jak*rta***6**33846***6*8*****9999**9***ut***er=0&*l*i*&*n******u
Reviews: 2014 reviews

Name: Nam****D*ni**
Link: *tt*s:*/**w**oog**.co**m**s****r*h*N*m*az+*ini***@-6.***1*1,106*8***35?******e*=*&hl=**&***r**t*u
Reviews: 1948 reviews

Name: *la*** Sp*n*s* ***to
Link: ****s*/*www.g*og*****m/***s/*******P****B+S*anis**Resto***6.220***2,1***79*839*999***9?au**u**r*0***=id&e****=t**
Reviews: 1895 reviews

Name: Sof*a ** ****G*n*w*r**n
Link: htt***//w**.**o*le*c*****p*/se*rc*/So*i**a*+****Gun***r****@*6.2315138**999*9***106*8***4*7?a***u**r=0**l=i***n*ry****
Reviews: 1868 reviews",ht*p:*/***.*av*ne***go*rm*t****/,FALSE,Provide API Key,Provide API Key,Provide API Key,Provide API Key,Provide API Key,Provide API Key,Provide API Key,**v*ne*** ***rm** At**ie* ***ave*na *1**(P***lik*,ht*ps*/*w*w.****le***m/map*/*****i***07*42*10**7**1**18*2,ht******l*5*go**l*use***n*en*.*o**p/*F1Qi****Qwd*A*nTO*B*6gW**P****T*D_fm***M*-*=w*08-h2*******,Restoran Spanyol,"Restoran Spanyol, Restoran Mewah, Restoran Halal, Restoran Mediterania",4.6,09*00*****0,*p** *l* Da**,081**1**1**63*,"Jl. Kramat Pela Raya No.212 11, RT.10/RW.7, Pulo, Kec. Kby. Baru, Kota Jakarta Selatan, Daerah Khusus Ibukota Jakarta 12140","**ea*, p*r*i*, m*** m*k*n, ch**, **s**nya, j*mo**i***ic*, ***a*an i*d*ne***, **li*a*, **afo**, g**l*",https://www.google.com/maps/place/Javanegra+Gourmet+Atelier+%26+Taverna+212/data=!4m7!3m6!1s0x2e69f172c88163db:0x2bfceb5c6d35c62c!8m2!3d-6.250407!4d106.7949716!16s%2Fg%2F1yg93l86v!19sChIJ22OByHLxaS4RLMY1bVzr_Cs?authuser=0&hl=id&rclk=1
ChIJB9Y8liH0aS4R7Kogy_Nbpt4,Signatures Restaurant,*id*ngan p**sm*n**** **** c*r** *i*aj*k***di r*s*o*** n*a*a*****as a*****an***e*leta* *i*ho*el *re*d**,FALSE,770,"Name: **n* *in* R*s*a*ra**
Link: *t**s****ww*go****.c*m/*a*s/***rc*/*ana****i**est*u*ant******9*8*849****9*9,1*6.8*3*0**?***h*s**=0**l*id&*nt*y=ttu
Reviews: 4640 reviews

Name: **nt*n ****et*Gr*n* ***on*si*
Link: h**p*:/*www*g****e**om/********r**/Kin*an**uff***Gra**+Ind**e*i***-*.*9***86*106*81*8*2300***01?*uthu*****&h****&e*tr**tt*
Reviews: 3599 reviews

Name: ***oo
Link: h**ps:*/w*w.******.***/m**s*s**r****a*oo*@**.*0*7*21,*06*8*8*2*799**99***uthu*er****l=id*ent*y*t**
Reviews: 3576 reviews

Name: Sai***dr*****taura**
Link: h*t*s*//**w**o******o**maps/***r**/S**len*ra+Rest*ur*n*******27**8,**6.8**94*?a*t*u**r**&***id***try=tt*
Reviews: 2267 reviews

Name: R*****esta***nt
Link: *t*p*:**www**oogl*.*o*/*a*s/****ch/R**a*Re**a*ran**@*6**0*0*8*1*6.*1*677***********&h*=id&**t*y*tt*
Reviews: 263 reviews",**tps:/***w.k*****ski.com/**/ho**l**nd***s*a/***t*u*ants**a**/s**na*u*es-*****u**nt?*****e*iu**o*g*ni*&u*m_sour*e**oog******_ca*p**gn*KI**T1****_c*nten*=***-*****u***t&*o******308962*4*,FALSE,Provide API Key,Provide API Key,Provide API Key,Provide API Key,Provide API Key,Provide API Key,Provide API Key,*ig*at*r*s**est*u**nt*(*em*****,h***s:*/*ww***o**e**o**m*p**c**t*ib*107**41175839**05****,h*tp***/*h5**o*g**u*****nte*t**o***/*F1*i*P***DWWq*r***j**A*G*ST3***o**RG*vk*o*w=w**6-h2*0**-no,Restoran Prasmanan,Restoran Prasmanan,4.6,*****-21.0*,*p***A** Day*,**2***2*5*3898,"Hotel Indonesia Kempinski Jakarta, Jl. M.H. Thamrin No.1 1, RT.1/RW.5, Menteng, Kec. Menteng, Kota Jakarta Pusat, Daerah Khusus Ibukota Jakarta 10310","*ot**, **d*ne**a, *as*i**, bu****a*am, s*t*, b*u**h, b***o, **ar*, **b**nya, *im*u*",https://www.google.com/maps/place/Signatures+Restaurant/data=!4m7!3m6!1s0x2e69f421963cd607:0xdea65bf3cb20aaec!8m2!3d-6.1955617!4d106.8219569!16s%2Fg%2F1tfx76cc!19sChIJB9Y8liH0aS4R7Kogy_Nbpt4?authuser=0&hl=id&rclk=1
ChIJl2TFeijxaS4RHk1nY9Ori8Q,PIERRE,*n*in**ma*e**is*** s**v*n**t*adit***a**F***ch c**s*n**b* T** U*io**G*oup,FALSE,635,"Name: L* Q****i*r
Link: *t**s://*w*.*o*gle.****m**s*se*rc***e+Q*a*ti*****6.*3**2*2**9999*9,*******1*22?a***u*er**&****d&entry***u
Reviews: 2826 reviews

Name: *****S**OPATI
Link: *t*p***/**w***ogl*.c***map*/s***c**G****S*NOP**I*@-*.23**5****9*9**9***0**8**3*21***00**?a*th*ser*0&h*=*d&e**ry=ttu
Reviews: 2609 reviews

Name: **** *it*hen
Link: h**p***/w*w.****le*com*m**s/*e*rc*/**ng*Ki*ch*n*@*6****7*1****9**9****6**08**9*9**9*99*a**h**e***&hl=id*entr*=ttu
Reviews: 1516 reviews

Name: P*N**A
Link: http*:***w*.go*g**.c*m*maps**e**ch****T**/@-*.2*0*34*999*9**95,***.8***2***au*******0&h*=i**en**y***u
Reviews: 742 reviews

Name: *r*ins*** G**ry ****pa*i
Link: *t***:***w***o*g*e*com/m***/*earch****in***f*G*or***en**a*i/@-***3084*0999*99**,*******5**89999999?*ut*us****&hl******t*y*tt*
Reviews: 173 reviews",*t**s:*/ne*.*n*ong**u***kar***c**/*est**ra*t**i***e,FALSE,Provide API Key,Provide API Key,Provide API Key,Provide API Key,Provide API Key,Provide API Key,Provide API Key,PIE*RE**Pe***i**,h****:/**w*******e*com/map*/***t*ib/**1**61*4*49*7206**4*,ht*ps*//*h5.**o**eu***con**nt.com*p****Q**ND**rK**q91o*l****5k*d*Z*ZV*G*1*******=*408****8*k*n*,Restoran Prancis,Restoran Prancis,4.6,11.*0****0*,*pe**A***Da*s,(**1* *2*36**,"Jl. Senopati No.39, RT.6/RW.3, Senayan, Kec. Kby. Baru, Kota Jakarta Selatan, Daerah Khusus Ibukota Jakarta 12190","c***i**bebe*, k**i ko***, ***arg*t, **ne*d*n*n*, **le**p**kin*, ** po***e, *a**n**iga, r*ma*t**, k***ang *r***n, *te*k*pa**i**",https://www.google.com/maps/place/PIERRE/data=!4m7!3m6!1s0x2e69f1287ac56497:0xc48babd363674d1e!8m2!3d-6.2310073!4d106.8091905!16s%2Fg%2F11qqr06r2q!19sChIJl2TFeijxaS4RHk1nY9Ori8Q?authuser=0&hl=id&rclk=1
ChIJXZdgJTrxaS4Rs_WBqwBri9I,ORO Italian Restaurant Jakarta,"I*al**n*r***a*ra**
Pi***ri*
Sh***a*l**ng*",FALSE,634,"Name: ***ma Ro**
Link: h**ps*/*ww*****gl*.c***m**s/sear*h*Mam*a*R**y*****26***56,1*6*815939*9*****9********r*0&h*=id**n*ry=t**
Reviews: 3543 reviews

Name: *o**a*a
Link: ****s:*/**w.g*ogle*co**m**s/sea*c*/T*s**n******27*87*,*0***15***3*999*9**a*th****=0&****d&en**y=t**
Reviews: 1269 reviews

Name: O********r*nte Ind*nes**
Link: h*******ww***oo***.com/ma*s*s**rc***S*+*i**ora*t*+Indo**s***@-**1*34**4*****82*8*36*999**9*a*t**se*=*&h*=i**ent*y=***
Reviews: 1100 reviews

Name: A**ient* *i******te
Link: h*t*s*/***w.go*g*e**o***a***s*a**h/A*bi*n*e**is*o***te/**6.18166***6**3**1*a*t*use***&hl=**&e**r*=***
Reviews: 630 reviews

Name: *a*Torr* *i**o*a*t* ***li**o * **r
Link: ht*p***/**w.*oo**e***m***p*/sea***/L*+*o*re*R*sto*a*te+Itali****%26+**r*@****555**6,*06*8*8***7*a**h*s***0&*l*i**e*t*y**t*
Reviews: 2 reviews",h*t**://o*oj***rt**c***,FALSE,Provide API Key,Provide API Key,Provide API Key,Provide API Key,Provide API Key,Provide API Key,Provide API Key,O***I*a*i*n **st*urant *ak**** (**m**i**,*tt***//ww*.*oo*le*c****aps*co***i**1***909**96*18*2***9*,**t*s:*/lh5.*o**leuse*c**t*n**co**p/AF*Q*pO**y*c**X**ce*n***mq*****7**ts****n*L*=***7-*2*0*k-*o,Restoran Italia,Restoran Italia,4.6,*1**0**1.*0,Open**l*****s,0**5*3***-08*7*,"Jl. Kemang Raya No.2h, Bangka, Kec. Mampang Prpt., Kota Jakarta Selatan, Daerah Khusus Ibukota Jakarta 12730","*a**on**a, *ot**, ****fle, p***y**an, *a*i**i, b****rd, *a*ki*, *iet*b**as*g***e*, ***sha, **rk",https://www.google.com/maps/place/ORO+Italian+Restaurant+Jakarta/data=!4m7!3m6!1s0x2e69f13a2560975d:0xd28b6b00ab81f5b3!8m2!3d-6.255722!4d106.810772!16s%2Fg%2F11fr9chgv6!19sChIJXZdgJTrxaS4Rs_WBqwBri9I?authuser=0&hl=id&rclk=1
ChIJ3WK32eTzaS4RQFJx1tH3WrY,Lobo & Juno,"L*** & *u** is f*****e****v* **d t*e*c*r**us, *s *****en***ak*s*o** o**a*****i*i*g ad***t**e***o* th* *a*t**o *he ***t,**nri**** *it* a* *nt***s**n***t*ry *ehin* ***ry c*l**a*y *rtw*rk*t**t*i****i*stak*n**y *esigne* *o*****te*con**r**tio*****o*e*t***h* **igin*l*Lo*o*& J*no*Bu*ge** **h*****e*****eco*m*nd***i**** *n*o*p**s*****t** ***k**el*y,*T*ng*e*g *ambing, *******op**T*m*h*wk *t*ak a***g ***h man***the* w**ld*delicaci*s*",FALSE,501,"Name: **ew*
Link: ht*p*://*ww**o*g**.c***map****a*c**Lo*w**@-*.*2****6,***.*2*7***9*9*999?aut**ser**&h***d&en**y***u
Reviews: 2925 reviews

Name: A*t***es*aura***&*B**
Link: ht*ps:***w**g*o*l**com/ma*s/s**rch/A*t*+**s***r*n*+*26+******6*23233*1,1****1*785********e**0****id**nt***ttu
Reviews: 273 reviews

Name: O*LA*A*B*****io**all
Link: h****://*ww.g****e.co**m*ps/****c**O*L**A+*ella**o***ll*@*6.2***1*0****9999**06**24***1*auth**e**0&h*=****n**y=*tu
Reviews: 259 reviews

Name: **kr*om ***t*ur**t & ***
Link: h**p*://w*w.go******o*/map*/s*a*****a*r*om+R****urant***6**a*/**6*22*****9*999**9**0*.*25285**a**h****=0&hl*i*&**tr**t*u
Reviews: 235 reviews

Name: **s*o
Link: http****w***google.c*m***ps/se******os**/@*6***2*8*6*9*9999*5*106.8**52****u*hu***=0&h*=i*********t*
Reviews: 136 reviews",htt*:/*w*w.rit***r**o***o***n**ot*l*/****nes****a*arta**i**n**l**o*s***=fe**67b*-**2f**de1-***6-*1*54411**0*,FALSE,Provide API Key,Provide API Key,Provide API Key,Provide API Key,Provide API Key,Provide API Key,Provide API Key,*o*o * J*****Pem***k),h**p*://www.*oo**e.*****a*s*c*n****/***819****8***588*435,*tt*s:*/lh5***o*leus**co******co*/*****Q**Mu***i**g*l6*-6*wtHu*****95*T*3**G2YK**w40**h2*2-**n*,Restoran,Restoran,4.6,*****-*0.00,O******l Da*s,*0**)*25***322,"Jl. Mega Kuningan Timur I No.E.1,2, RT.5/RW.2, Kuningan, Kuningan Tim., Kecamatan Setiabudi, Kota Jakarta Selatan, Daerah Khusus Ibukota Jakarta 12950","pe****ama*, ***ti*g, d*n**r, *a**n*n*kh** it*l**, s***k, h**e*, r**z*ca***on, *o*se*, b*r***ay, la**",https://www.google.com/maps/place/Lobo+%26+Juno/data=!4m7!3m6!1s0x2e69f3e4d9b762dd:0xb65af7d1d6715240!8m2!3d-6.2285482!4d106.8271995!16s%2Fg%2F1thk18k9!19sChIJ3WK32eTzaS4RQFJx1tH3WrY?authuser=0&hl=id&rclk=1
ChIJG6qaIiH0aS4RK7cPh7AIVYk,Bistro Baron & Bar Plaza Indonesia,"B*s*ro*B**on **i**s you***then*i***hi*h-****i***Fren***c***in**i* a *h**,**a**a**P*ri**a***is**o***b*en*e, ***a*e* i* ****of*Jakar*a'***op****es*y*e**ente*s.",FALSE,499,"Name: ** Qu*rt***
Link: http***/w***g*og*e.co**m*******rch****Q***ti**/@***2*7*2*2**9*99*9**06.***16*2?au***s*r=*&***i*&*n*ry=ttu
Reviews: 2826 reviews

Name: *itch*n*t** * P*a****nd**e**a
Link: http*://*w**goo**e.c*m****s/*ea*ch*K**chen****+-*P***a*I*do*es**/*-*.1*21*2**9****99*1***8*1***90**0*0*?au*h****=0***=*d*en***=*tu
Reviews: 532 reviews

Name: *eb** Be**il***a*a**n*one**a
Link: ht*p*:/*w***g*og****o***a*s*se**c********B****l*P***a**nd*nes**/@-*.1**0*9*,106.**17*4300000*1**u*hu***=0&*l=*d*ent*y*t**
Reviews: 400 reviews

Name: *y*n*Res*a*r***
Link: ht*p*:**www**o***e.c****ap****a**h**y**+R*****r*nt/**6*1963*04*1**.82*7343**ut***er=0**l*id**n**y**tu
Reviews: 278 reviews",**t**//b*s****a*on.co**,FALSE,Provide API Key,Provide API Key,Provide API Key,Provide API Key,Provide API Key,Provide API Key,Provide API Key,*i*t*o *a**n &*Ba***l*z**I***n*s*a (*em*li**,*t*p***/***.goo**e.*o**m**s/contr****1**5***13*53***7118*,ht****//*h*.**ogleu*er*o*te***c*m*****1Qi*N*ex*Ok*****ypZj6*V*AqQ*v*a*q*g9**n****w4***h****k-*o,Restoran Prancis,"Restoran Prancis, Kedai Sarapan",4.5,0*.**-***00,**e**A*l *ay*,(*21* *9****05,"Jl. M.H. Thamrin No.28-30 Level 1, RT.9/RW.5, Gondangdia, Kec. Menteng, Kota Jakarta Pusat, Daerah Khusus Ibukota Jakarta 10350","***ga, *ela*a***, *mo**** ar*a, *on*it*b*b**, wi**, ma**, ch**, s*u** a*l'o*g*on*****i*e*, es***g*t, ap*l***i*",https://www.google.com/maps/place/Bistro+Baron+%26+Bar+Plaza+Indonesia/data=!4m7!3m6!1s0x2e69f421229aaa1b:0x895508b0870fb72b!8m2!3d-6.192476!4d106.8221061!16s%2Fg%2F1tm1mwp1!19sChIJG6qaIiH0aS4RK7cPh7AIVYk?authuser=0&hl=id&rclk=1
ChIJ26DvRnHxaS4R_Z_iQtBnNTQ,Teras by Plataran Dharmawangsa,"*e****Dh***aw***** **i**s*a to**h ***ec*ectic *t****** So**h*J*ka**a's*f**hionabl**n**g*b*u****d ***ppin* *a*l, Dh***a**n*s* *qua**",FALSE,496,"Name: *lu* Jas****
Link: ****s*//w*******l*.*om/**ps/s****h**l*********e/@-*.2**7*69****.789*172**99**9**uthuse**0*h*=**&entr*=ttu
Reviews: 1431 reviews

Name: J****ta R*s*a*r*n*
Link: ****s**/******og***com/m*p*/*earc*/Jakart*+****aura**/**6*2*****7*1*6***5***?authuser=0&*l******tr**t*u
Reviews: 1140 reviews

Name: Lo**n**t* *es**
Link: *ttp**//*ww***og*e.*o*/maps**ear*h*Lo*a**nta**e*t*/@-***4***599****9*9***6.**9*5***th*s**=**h*****e*tr*=t*u
Reviews: 659 reviews

Name: Teras****d**i*
Link: ht*p*:***ww.go*g**.**m/**p******ch/Teras*G*nd*r*a/*-6**4**5**9**99*995,1***7*1*89**au**u*e****hl**d&*nt******
Reviews: 12 reviews",h**ps*//***.plat*r**.*o***e***-dh*r*a**ngs**,FALSE,Provide API Key,Provide API Key,Provide API Key,Provide API Key,Provide API Key,Provide API Key,Provide API Key,Te*a* by*P**tara* D*a*m****g** *Pe*i****,****s**/**w.go*gl**c*m/*****c*nt******6***1*17*2164488159,*tt*s**/*h*******euse******n**co*/*/**1Q*pMrl***1QnyD**C*9***v**jaDR3lz*1*v***L*=*40*-**77**-no,Restoran,Restoran,4.4,*9*0****.00,***n All**a**,***1* 2*5*3*87,"Darmawangsa Square City Walk Jl. Darmawangsa VI & IX, Kebayoran Baru, RT.5/RW.1, Pulo, Jakarta Selatan, RT.5/RW.1, Pulo, Kebayoran Baru, DKI Jakarta, Jakarta 12160","*asi ***e**, *an**i, **e, m*k*na* i***n*s**, li**, telu* ****, d**su*, m**ti**, s*s*, lad* *i***",https://www.google.com/maps/place/Teras+by+Plataran+Dharmawangsa/data=!4m7!3m6!1s0x2e69f17146efa0db:0x343567d042e29ffd!8m2!3d-6.252989!4d106.8016791!16s%2Fg%2F11c2pvq9dd!19sChIJ26DvRnHxaS4R_Z_iQtBnNTQ?authuser=0&hl=id&rclk=1
ChIJOyFKKq32aS4RXMlsr-GzPjY,Nan Xiang Steamed Bun Restaurant,"Na* Xian**R*sta**a**
""A**o**ental*prem**r ****** *i** **t***t*c **rie*y**f ****g***n**e * Cantonese
***sine *no****o* it'*******s*te***d*****i*m*t**t**",FALSE,452,"Name: **bl*8
Link: *t*ps:*/w*w.****l*.**m**a**/se***h**a*le8/****2*513*9*1*6***71***?au*h**er=*&****d&en*r*=*tu
Reviews: 1461 reviews

Name: ***g L*ng D*m S** * ****H***e
Link: ****s*//***.*o*gle.***/**ps**earch/*i****in***i******%**+Tea*Ho*s*/@-6.**293**99*99999,*06**0**4*****t**ser***h*=**&**try**tu
Reviews: 750 reviews

Name: *i***m Be*h**
Link: **tp*://ww***o*gl**c*m**ap*/**ar*h/D******B**h**/****2***4**999999*9*,**6.81***1299*9999****huse***&*l=*****try*tt*
Reviews: 400 reviews

Name: **A
Link: h*tps:*/**w.***g*e.c**/***s/***r**/J**/**6.202*7***9999*9*,1*6*81****4*aut*u**r=*&***id**nt*****u
Reviews: 222 reviews",h*t**//w***n*nx*a*g*co***/,FALSE,Provide API Key,Provide API Key,Provide API Key,Provide API Key,Provide API Key,Provide API Key,Provide API Key,N*n **a*g **e**e****n Restaur*n* (****l***,ht*********.**og*e**om/*aps*con*ri*/****04*7*8**273*4*18*,***ps:*/**5*googleu**r***ten***om/*/****ipM*xq*zn*SW**3W****n*w*****Nfh***a***Y**w471*h2***k-*o,Restoran China,"Restoran China, Restoran Dim Sum",4.6,1*.00***.**,**en***l *ay*,**2*) **0*12*,"The Sultan Hotel Jakarta, Lobby Lagoon Tower, Jl. Gatot Subroto, Gelora, Kecamatan Tanah Abang, Kota Jakarta Pusat, Daerah Khusus Ibukota Jakarta 10270","d*m*u*, A**E, *ia***ngb**, **te*, ***pia, h***u, *i**ay, ***i*gor*n*, ***i**tahu, *e*ur**si*",https://www.google.com/maps/place/Nan+Xiang+Steamed+Bun+Restaurant/data=!4m7!3m6!1s0x2e69f6ad2a4a213b:0x363eb3e1af6cc95c!8m2!3d-6.2177794!4d106.8089419!16s%2Fg%2F11cn9ckzf4!19sChIJOyFKKq32aS4RXMlsr-GzPjY?authuser=0&hl=id&rclk=1
ChIJN_OwPSH0aS4RAXJX58WorqU,Altitude Grill,Gr*l*ing****e me*ts*a**o*e of Jaka*t*** ***l*** sky**r*p**s* A*ti*u** ***** *s a*s****house**** t*******s*ed.**t***dry*ag*d*mea*s coup****w**h*J**a*e*e **a****nd**ook**g t********s***i** a n*w**ge o* t**t* t**Jaka**a'* f**e*****ng**ce*e.,FALSE,436,"Name: **t* ******l*- Tebet
Link: h*t**:/**w**go*g*e.*om**aps*s*a**h**u**+%******l****Te*e*/@-**23*****1**.*4**02?a*th*s**=**hl=*d&e*try*ttu
Reviews: 3034 reviews

Name: **destad*****ar**
Link: *tt**:***w****o**e*com/*aps*se*rch*S**e***d**Ja**r****-*.***18*9,106***40*6*?**th****=0&****d&*ntr*=ttu
Reviews: 2365 reviews

Name: ***** L**nge *a*art**(*oo*t**)
Link: **t**://www.**og**.com****s*s*****/*lo*****un*e+Jak*rt**%***oof*o*%2*/@*6********999*9999*106*8*2**11**99***?a*th*s**=**h*=id&**t***t**
Reviews: 1019 reviews

Name: S*****2* *la** Ind*n*si*
Link: **tp***/www***o*le.com/*aps/s***c*/*te*k+2*+Pl*z*+I*****s*a/*-*.*****42****.*2*4*93?a***u*e**0**l*id******=tt*
Reviews: 75 reviews",h**ps:/**l*it****ak*r*a.*o**,FALSE,Provide API Key,Provide API Key,Provide API Key,Provide API Key,Provide API Key,Provide API Key,Provide API Key,A**it**e*G**ll*(*emi**k*,ht****/**ww.*****e**om***p*/c**t***/1133*5**9*1*7*4776*54,ht*ps*/*l***g**g**u*e**o*t***.com/p***1*ip**hxc******D*o3AJ*Ro*bnR******BYFE**a*=*4*8*h3***k*no,Restoran Steak,"Restoran Steak, Bar & Grill",4.5,****0**2.00,*pe***ll**ay*,(0**) ***22*4*,"The Plaza Office Tower, Jl. M.H. Thamrin No.Kav 28-30, RT.9/RW.5, Gondangdia, Kec. Menteng, Kota Jakarta Pusat, Daerah Khusus Ibukota Jakarta 10350","ro**n**s, *in*, ma***c*u**e, ma***, ***yu, *a**ai, fi*e****in*, t***f*e, si****g, pe***",https://www.google.com/maps/place/Altitude+Grill/data=!4m7!3m6!1s0x2e69f4213db0f337:0xa5aea8c5e7577201!8m2!3d-6.1925811!4d106.8219398!16s%2Fg%2F11bbrnn88d!19sChIJN_OwPSH0aS4RAXJX58WorqU?authuser=0&hl=id&rclk=1
ChIJ7QGHphX0aS4RLet6sIwTwwQ,1928 Restaurant,,FALSE,120,"Name: So**a *t*T** **n*w*rm**
Link: h*t*s*/*ww***o***e.com/m***/s*arch/**fi**a*+*h*+*un**a**an******3*51*8**9*999*5*****8*774*7?****user=0***=i**e***y*t*u
Reviews: 1868 reviews

Name: **R*TAG**by Ta*****i
Link: **tps:***ww.go****.com*m*ps*se*rc****RI**G*+***Ta*+*oei***6**94*5*2*10*.**6*616?a*t**s**=0**l=id*****y****
Reviews: 1184 reviews

Name: *e*i*h **s*r*
Link: h**p*://*ww***ogl***o*/map*/se*r***Rel*s**Bi*******6*1*4*****99*9*99***0*.8*45*01?*u**use*=0&hl=****n****tt*
Reviews: 437 reviews

Name: *er*i**ge*Lo***e
Link: ***p*:**ww**g**gle.**m*m*ps*sea*ch/H****t**e+**un******.1**2**19**9*99****6***8072**00000*?aut*u*er******id*e**r*=ttu
Reviews: 186 reviews

Name: P*q**nt*Rest*ur*n* J******
Link: ht*ps***ww**g*ogle***m**a*s**earc*/**qua****esta***n***a**r*a/*-**20*2**3*********1**.**601*7**99*99?a*th**e*=*&h***d&en*ry*ttu
Reviews: 54 reviews",****:*/**w*he**i**g*d**ing*com/,FALSE,Provide API Key,Provide API Key,Provide API Key,Provide API Key,Provide API Key,Provide API Key,Provide API Key,1*2* ****a*ran**(Pe****k),https*/***w**oo***.*o*/*a*s/c****i*/1*4**9****304***8*128,h****:***h5*googleuser******t.*om*p***1**p**p*CjF*S**w*m*4oYoV**r***l***YAP*p*v**w4**-*286**-**,Restoran,"Restoran, Restoran Asia, Bistro, Restoran Indonesia",4.5,06.*****.0*,Op*n**l**Da**,,"The Hermitage, a Tribute Portfolio Hotel, Jakarta, Jl. Cilacap No.1, Kec. Menteng, Daerah Khusus Ibukota Jakarta 10310","**t*l, ***ga, **ng*l*m*n, **s*e*t, pe***, *as***o*en*, **ea*",https://www.google.com/maps/place/1928+Restaurant/data=!4m7!3m6!1s0x2e69f415a68701ed:0x4c3138cb07aeb2d!8m2!3d-6.1983663!4d106.838131!16s%2Fg%2F11dynv5myy!19sChIJ7QGHphX0aS4RLet6sIwTwwQ?authuser=0&hl=id&rclk=1
ChIJn6e8diH0aS4RFpNwWiRQbiE,Poolside Restaurant,"**olsi** **s*a****t*i****e**gue**s t****mp*e *** b*st*****a*i**s* and**edit*r*****n si*natu**s i***n********* i*door ***ing ******o*er* furn****ngs w***e s***i*g *n*th* po****i***a***Ja**r***s****se*.

Ad* *o*t*at t** *d*o*ni*g out*o** **ea w*t**a ***c***ng*at*o**h**** P*o*si** **s*a***nt is s****ble*f*r p*i**te*ga*he*i*g* a** ***ial *ve*t**",FALSE,25,"Name: *ig*at**e***e*t*ur*n*
Link: *t*ps**/***.g*og*e.c**/m*ps*s*a*ch/*ign**u***+Re*ta***n*/*-***9*5**7*106*82**5689***9*9?**th*s****&*l***&e**r*=t**
Reviews: 770 reviews

Name: *l**t**e Gr*l*
Link: h***s://*w**go*g****om/**ps****rc*/**titu*e**ri*l/@-6.1***8**,***.**1939*?au*h*s*r***hl****e*t*y=***
Reviews: 435 reviews

Name: Din**g****m
Link: h******/*ww*goo*l*.*o***a*s*sear*h*D*n*n*+R*o*/@*6*1**80**99*****9*1*6*****883?*u**u*er=****=*d&en*r*=tt*
Reviews: 33 reviews

Name: *e*****t *h** **Jaka*ta
Link: **t*s*//w**.g**g*e.com/ma**/s*arc****+*eti**Chef+-******t****6**9*9*8900000*0*,**6*8**2*7*9***9******h**er=0**l=i*****ry=**u
Reviews: 29 reviews

Name: **a*d *u*i****ta**ant****n* In*one*i*
Link: **tps***www.*oo*le.***/*ap***ea*ch*G**n*+*u**+**s**u*a*t+Gran*+I**one*i**@-*.****874,106*82**0**?****use****h**i*&e***y****
Reviews: 6 reviews",*ttp****w*****att*com/**-**/hot*l***do**si*/g**n*-*y***-*a*art**ja*g***inin*,FALSE,Provide API Key,Provide API Key,Provide API Key,Provide API Key,Provide API Key,Provide API Key,Provide API Key,P*o*si** R*s*au*an***P***l*k*,h**ps***w***go****.co*/m*p**cont*ib/****75****1**18*6059*,**t*s****h**goo*leu*er*o*t***.c**/p*A*1Q*p*B*****z**XO**0B*Fa*Ug*QLLq8VuNS*ru***=*4*8*h*******o,Restoran Bali,"Restoran Bali, Restoran Indonesia, Restoran Italia, Restoran Mediterania",3.8,**.0*-*2**0,**en***l D**s,*02** **92*29*,"Grand Hyatt Jakarta, Jl. M.H. Thamrin No.Kav. 28 30, RT.9/RW.5, Gondangdia, Jakarta, Central Jakarta City, Jakarta 10350",*o**l,https://www.google.com/maps/place/Poolside+Restaurant/data=!4m7!3m6!1s0x2e69f42176bca79f:0x216e50245a709316!8m2!3d-6.1930455!4d106.8221561!16s%2Fg%2F1hc2p68wn!19sChIJn6e8diH0aS4RFpNwWiRQbiE?authuser=0&hl=id&rclk=1
ChIJBTgBuKr2aS4RnmNQqmrwMA8,Kembang Goela Restaurant,R*st*r****ew*h ***g** in****o* t***di *ang****y**i*a* **te*d*n**as*ka* *ndo*es*a**er*e*as*,FALSE,2648,"Name: *a*m**a**rta
Link: **tp**//**w.g*og****om/m***/*earch/Kau***a*ar*****6.*979*6*9*9*9*9***106.8**23*8?au*hu*e************tr**t**
Reviews: 4391 reviews

Name: **ra *jo*g**a**
Link: **t****/*w**google.*****aps/**ar*h/*ar*+Djong**an*/@*6****1*3*,*0******66*******ser**&*l=id***t**=ttu
Reviews: 3890 reviews

Name: **ata*an *h****w**g*a
Link: h*t*****w*w*g*o*le.*om/**p**s*ar***P*ata**n*Dh*rma***gsa/*-***5****8,1**.*****85?**t*u**r*0**l=id*entr*=**u
Reviews: 3454 reviews

Name: Ha**m ****s
Link: h*tp**//*w*.*oo*le*c*****ps/se*rch/*a*u***anis**-6.2***3*****81*8*44***9***?a****ser=**h***d&**tr*=*t*
Reviews: 1858 reviews

Name: *e*ga*an***l***e**au*ant
Link: ht**s:/**ww****gl**co*/m**s*****ch*B*ngawa*+Sol*+*e*******t/**6.21*7**2*****8**26639***999?**th**er**&hl=*d**nt****t*
Reviews: 193 reviews",,FALSE,,,,,,,,**mba*g*G**** *e*t*ur**t (P**i*ik*,ht*ps*//w**.*o*gl*****/m**s*c**tr*b/*07**8***6*6*17**70**,*t*****/*h5.g******s*r***t*n*.*o**p*A*1Q*p*f***de**4aot***os*_*hUSM7*CL5*H*h**g**4****306-k-no,Restoran Indonesia,"Restoran Indonesia, Restoran Sate",4.6,**.0*-*2.**,Op***A*l*D**s,**21)**20**5*,"Jl. Jend. Sudirman No.Kav. 47-48, RT.5/RW.4, Karet Semanggi, Kecamatan Setiabudi, Kota Jakarta Selatan, Daerah Khusus Ibukota Jakarta 12920","di*n**, ***den*, a*****here, in****or, **ad****nal, ***tin*, ***e*d*nin*, res****, **st*, k****ir",https://www.google.com/maps/place/Kembang+Goela+Restaurant/data=!4m7!3m6!1s0x2e69f6aab8013805:0xf30f06aaa50639e!8m2!3d-6.2171013!4d106.8167719!16s%2Fg%2F1tfdvzr7!19sChIJBTgBuKr2aS4RnmNQqmrwMA8?authuser=0&hl=id&rclk=1
ChIJnW7fcmv0aS4Rxi-JaGIWgKE,Roemah Kuliner,*as**foo******aur*** *i** *n*qu* ***o*es*an *ui**nes**ust*ar**nd t****orn*** M**u v*rie*y **ang*s***e******,FALSE,2402,"Name: *em**k*Me**r*a
Link: ht***:*/*ww*g*ogle.c*m*m******a**h/P**p**+Me***ia/*-6.******9,10*.*4*7*32?**th*s*r*0&*l*i******y=t**
Reviews: 966 reviews

Name: B*kmi******ia
Link: h*t**:/*w***g****e**om/ma*s/*e****/*akm*+M*g*r*a/@-*.**0*85*9*9*9*99**0**84**1389*99****a**hu**r=0***=i**ent***t**
Reviews: 683 reviews

Name: A*** *a*ar***a**Solo*Meg**i*
Link: ht*ps***w***goog*e*com/ma**/s*****/A**m+*a*ar+**as+S*****eg*r*a**-**1**9454*1*6***3**9**auth****=*******&ent*y*ttu
Reviews: 141 reviews

Name: ** *e**r**a*i **li* As*i
Link: h****:**w*w***o***.c*m*m*ps/searc*/E*+*e*er+*ari*Mu**a**sl*/**6*2*00***999*9**9*******368*6*a****s*r=0*hl=**&**t*y*t*u
Reviews: 88 reviews",,FALSE,,,,,,,,**em*h*Ku**n***(Pe*i**k),http**/**w**g**g**.com**a*s/***tri*/**245**********740462,**tp*****h5.*o***e**e*con*e*t**o**p**F1Q**MV**V**V*5ts**7rV3***47**h*7*P*d*9*2Mv**4*8-*306-k***,Restoran Indonesia,Restoran Indonesia,4.4,*1.*0*2**3*,*****A*l *ays,***1) 3190****,"Jl. Pangeran Diponegoro No.21, RT.1/RW.1, Pegangsaan, Kec. Menteng, Kota Jakarta Pusat, Daerah Khusus Ibukota Jakarta 10320","f*o* co***, a**o**he*e, *i*s*o*, *eja*ma***, *a**o, t*h****j*ot, j****a* p*s*r, *ya**n, s*s**m**e**aya**n, **po**t",https://www.google.com/maps/place/Roemah+Kuliner/data=!4m7!3m6!1s0x2e69f46b72df6e9d:0xa180166268892fc6!8m2!3d-6.2000269!4d106.843736!16s%2Fg%2F11bx1y_9dj!19sChIJnW7fcmv0aS4Rxi-JaGIWgKE?authuser=0&hl=id&rclk=1
ChIJq7zCe772aS4RiBItODJqB_E,Rose Garden International Restaurant,"Ou* *h**e** *e***u**nt**f*er* * **ique b**** *f*t*a*it*onal **i***e*cui**ne a*d *us*o* *****s, wi*h*o*****s*-**y*d*********i*g*m*** u*i*g onl* *h* ****** se*ec**on*of i*g**dien*s*",FALSE,1923,"Name: R*s**r*n A***e
Link: **tps**/www*g**g**.**m/m*ps***ar**/*es****n+***k*/@**.*59*068*9***9*9*106.8***7*9*a*t*user***hl**d&****y=*t*
Reviews: 6297 reviews

Name: **e P*la***Ch*n*se*R***a*r*n*
Link: *t***:*/***.**og*e.co***aps**ea*ch**ee+**l***+**i*ese+Restaur********16443*3*000*00****0*******45**9****?a*th*s***0*hl=id&***r*=*tu
Reviews: 1457 reviews

Name: *i**e*g
Link: h*t*s:/**ww.goo**e***m/m*p***earch/L*+**ng*@****9*98*6**0****36*2*?au*h**e****h**i*&***r***tu
Reviews: 916 reviews

Name: R*sta**a** C***g*H*a
Link: https**/w**.**og*e*co*/*a*s/sea***/**sta**a***Ch***+H*a/*****4**1*8,*0*.*5417**?a****se**0******&e*try**tu
Reviews: 867 reviews

Name: J**
Link: *tt****/www*go*g***com/ma*s*s*a*ch*J*A*@-6*202***3**99****,10***1*****?**t*u****0&h**i**e***y=ttu
Reviews: 222 reviews",,FALSE,,,,,,,,Rose*G****n**n**r*at*on** R*******nt (P*m*lik*,h**p*:*/www.**o*l*.****m***/**ntr*b*1**9*0**06*4**169*9*0,*******/*h5*googl*u**rc*n***t.*om*p**F**ipNd*p*r*kd***k**c*ei6**2*w*u***m*v6***H=w4*2-h**0**-*o,Restoran China,"Restoran China, Restoran Dim Sum, Restoran Mewah",4.7,"09*00*14***, 1***0**0**0",Ope******D*ys,**2** 536**2*5,"Graha Indramas, Jl. K.S. Tubun No.77 Lantai 3, RT.14/RW.5, Slipi, Kec. Palmerah, Kota Jakarta Barat, Daerah Khusus Ibukota Jakarta 11410","***di*g, ***a* **rs*ma, **ya, *e**in*, m**a*, a***an, fe*l**, *ca**, re****i**er*i*a*an, *****rasa",https://www.google.com/maps/place/Rose+Garden+International+Restaurant/data=!4m7!3m6!1s0x2e69f6be7bc2bcab:0xf1076a32382d1288!8m2!3d-6.200291!4d106.800133!16s%2Fg%2F1tl6myb9!19sChIJq7zCe772aS4RiBItODJqB_E?authuser=0&hl=id&rclk=1
ChIJ5ZFpADn3aS4R1ijSurIkk1A,CASPAR,"******io**l ****is* *u*s*ne w*th**od*** A***o***, **tin ****ca****** S*e*kho**e***x**c**Sp****h*t*ad****na**me*u*se*e*t*****Gre** *e**ction**f *eef**hat*grille* b* **e**a**w*od***e***o*p*r,***q**s**e*w****and*****k**co**e**ion as**e*l as*c*e***ve cockt*i*s****ef**ly**raf*ed**y*t*e te** ***thi****ique estab****m**** ***e*le*tic *e* *r**a*ic *ec***comp*e******a ***h**ti**ted***b*ence t* **v*** d**ers****o*CASP***S *od*r**lif*st*l**dinin* e*pe**enc*",FALSE,1628,"Name: Kemba****oe****est**ra**
Link: https*/**ww.g***le.com**a**/***rch******n*+*oel*+*e***urant*@**.***1*******9*995**06.8*67718*9*****?au****er=0*h**i*&**t****tu
Reviews: 2646 reviews

Name: B****e**ar *e**a*as
Link: **tp***/*w*********co*/**ps****rc**Bas*ue+Bar*d*+T*p*s/*-*.227**41,1***82*1626***th****=**h*=i*&*n*ry***u
Reviews: 2638 reviews

Name: La*B*as*e*****es*a***nt
Link: ******//*ww.***gl*.co*/*aps/s**r*h/L**Bra***rie**e*t*ura*t/*-6***3**5,**6*81*72?a***us*****h*=i**ent******
Reviews: 1934 reviews

Name: *O** R*C****a*arta
Link: h*t****/www*g*ogle****/m*ps*s**rch**OCA**ICA*2C*J*k****/**6.**144*7,**6*8*423****ut*u*******l**d*ent**=*tu
Reviews: 1239 reviews

Name: Au*u** ****a*r*nt
Link: *t**s***www*go****.*o*****s/se*rch*A*gu***Re****ra*****6**250*66,106.8*6****?a**hus*r*0*hl=i*&**t**=*t*
Reviews: 218 reviews",,FALSE,,,,,,,,*A**AR (*emi****,*t*p*:***ww.goog*e.*o***ap**co**rib/1**5*820**2*****8****,**t***/****.g*o*le*s*rc*n****.**m/*/AF1QipN3Vh*fJ**SaGM*Z***K**q*U*C*-********g=***6*h2**-k-no,Restoran Spanyol,"Restoran Spanyol, Restoran Amerika Latin, Restoran Steak",4.6,*****-*0.00,**e**Al* *a*s,0*22****1-7**0,"Jl. Jend. Sudirman No.36, Bend. Hilir, Kecamatan Tanah Abang, Jakarta, Daerah Khusus Ibukota Jakarta 10210","*n*er**r, *o**er, sm***n*, *j, sh**t r***, *a*l** *in*a***mi, ny**u*, *y** me*t*g*, ke**b**a*a*, ***b**g k*l",https://www.google.com/maps/place/CASPAR/data=!4m7!3m6!1s0x2e69f739006991e5:0x509324b2bad228d6!8m2!3d-6.2158244!4d106.8162301!16s%2Fg%2F11lgz9sfgx!19sChIJ5ZFpADn3aS4R1ijSurIkk1A?authuser=0&hl=id&rclk=1
ChIJeYhllMT1aS4REHk4N38VwC8,GIOI Menteng,"Mo**rn ****n F****n**uisine*w*t**a*l*u*g* t**t**a* *iv* **s**, ***n*h*f*om ***i**e*o*ati",FALSE,1560,"Name: S*r**u *a*a **nt***
Link: ***p*:/*ww***oo*l**co***ap***e***h/S*r***+R*sa+*en*e*g/*-*.19*5**3*999*9********82*039****9***?authu**r=*&**=id&en***=t**
Reviews: 5745 reviews

Name: *I*I **N**AT*
Link: h*t*****w***goo***.*o*/***s**e**c*/G**I*S**OP*T*/@-*.**2*51**999*9*95*106*8**3****0*0*0*?a*****er=*&hl*id&*ntr*=t*u
Reviews: 2609 reviews

Name: H****A****y Tan *oe*
Link: h*tp****www*g*o***.*o*/m*p*/**arc***E**TA*E**y+****G*ei/@**.*9***0**10*.***6616*a**h**e**0**l=id&en**y*ttu
Reviews: 1184 reviews

Name: **st*ra***ri*
Link: ***ps**/www*g***l*.**m/m**s/se*r*****storan+T**o/@-6**92*****10*****1*91?au**us***0***=*d*e*t**=**u
Reviews: 1057 reviews",,FALSE,,,,,,,,G*OI*M**te** (*****ik),**tps*/*w***g**g**.com*m*p**c**t****10854**41**6*886***63,ht******l*5.g****e*s**content**om/**AF*Q***Z*****DEur*PhU*4pZ*N***0*u***b*S***t*=w*0**h*44*k-n*,Restoran,Restoran,4.7,*0*00***.*0,*p*n*A** D**s,**5**8*8**6101,"Jl. Dr. Kusuma Atmaja No.85 10, RT.10/RW.4, Menteng, Kec. Menteng, Kota Jakarta Pusat, Daerah Khusus Ibukota Jakarta 10310","l**e*, s**mo*, *a**t, maka****in**n**i*, k***mb*a*g, f*s*o*, Sa**u****a**r wa**u, t*hu*t***r **i*, **nda*, *en**n*",https://www.google.com/maps/place/GIOI+Menteng/data=!4m7!3m6!1s0x2e69f5c494658879:0x2fc0157f37387910!8m2!3d-6.1974798!4d106.8238709!16s%2Fg%2F11j01bnygx!19sChIJeYhllMT1aS4REHk4N38VwC8?authuser=0&hl=id&rclk=1
ChIJOdO6zxXxaS4R4yOghGcielk,Blue Jasmine,Res**ra* mod**n y**g**ipe*u*i*ca**** **n*an***** *u*do*r **** me**a*i****ma*ak** I*d**esi**yan****r*ela**,FALSE,1432,"Name: *er*b****** Men*e*g
Link: *t**s:*/www.*****e*co*****s/**a**h/Ser**u+*as**Me*****/@-*.*9*5***99999999**106*8******9**999*?a**hu*e*=*&hl****entr*****
Reviews: 5745 reviews

Name: P*at**a**D***m**ang*a
Link: ***p*:**www.**o*le.**m/ma*s***a********ara*+Dhar**wang*a*@-6*2***188*1**.**2**85***th**er*0&hl*i***n*r*=***
Reviews: 3454 reviews

Name: *am*az*****ng
Link: h**p***/*ww*goo****c*m/****/s***c*/**m*a*+*i*********2491*1,10**8*7*35?*u**user=0&*l=id*e*t*y***u
Reviews: 1948 reviews

Name: **ru* *an**
Link: h******/*ww.g*og**.*o****p*/se**ch/*a**m+*an*s/@-6.****3,106.****844***99*9*au****e***&*l=i******y=t*u
Reviews: 1858 reviews",,FALSE,,,,,,,,B**e**asm*** (P****ik),**tp*:****w*goo*l*.**m**a*s/*on***b*11***54*34*0**041**51,htt*s*/*lh*.goo*le*****ont***.c***p/*F1****-H**X**S4*****TT*c*fRNcq*K6iHwm6***g********4***k-*o,Restoran Asia,"Restoran Asia, Restoran Fusion Asia, Tempat Acara, Restoran, Gedung Pernikahan",4.7,**.*0-**.*0,***n*A*l*D*ys,***1) *9**3*90,"12, Jl. Kyai Maja No.39, RT.12/RW.2, Gunung, Kec. Kby. Baru, Kota Jakarta Selatan, Daerah Khusus Ibukota Jakarta 12120","*ak***n i*don****, l**a*, *a*e, **le*, **et**g, **ra*e, brid******we*, s*** t*h*, *e*un*ver****l, *mok*****rea",https://www.google.com/maps/place/Blue+Jasmine/data=!4m7!3m6!1s0x2e69f115cfbad339:0x597a226784a023e3!8m2!3d-6.2407669!4d106.7892173!16s%2Fg%2F11b6vfx9qs!19sChIJOdO6zxXxaS4R4yOghGcielk?authuser=0&hl=id&rclk=1
ChIJlbfOLJr1aS4R4WnohuhIaUU,Twelve Chinese Dining Restaurant,T****e C*i**se **ning is*a**e* **i**** J*pa**** co*c*p* by*Ok*zon* H*s*i****t* **ou*.***in*i*g t***f*avors of*Y*koha*a*s*C*i**t*** to*Ja*ar****i** s*un*in**a********t**t i* ***fec******* m*a* **u*l* *ev***f**g****** Por**No*Lard,FALSE,1379,"Name: GI****en**ng
Link: http*:/***w.*o*g***c**/*aps*s*a*c***IOI*Me**e**/***.***4798,**6.82387*8*999*9*?***hu*er***h**id*******t**
Reviews: 1559 reviews

Name: P****o**t *anto*e*e**es**ur*n*
Link: *t*p***/*ww*g**g**.*o****ps*******/Para*ou**+Can**nese+**st**r***/****19*886**06*83*41*?*u**us*r=0&h*=i*&en*****t*
Reviews: 1334 reviews

Name: *e*tora*****o
Link: htt*s*/*ww*.g***l***o***ap**se*r*h/*e***r*n+*r*o*@-6.1*21*5********61***?*ut**se*=*&hl******try*ttu
Reviews: 1057 reviews

Name: L* *e**
Link: h****:*/w*w***o*l**com*map*/sea**h*Li*Fen***-6*****886**0*****6**1?*uth*s**=0&*l*i***n*r**ttu
Reviews: 916 reviews

Name: *a*t***ara*is**Pl*za I*do*****
Link: https:/*www*goo*l**co**ma**/*e***h**as*e+Pa*ad**e+******In*o*es*a/@**.193*88********9*1**.8217**3******ser*0*h*=***e*t***t**
Reviews: 896 reviews",,FALSE,,,,,,,,*we*ve C**ne*e **n*ng ***ta**ant*(******k*,h****:**w*w.**og****om/map*/co*tr*b*10**1*1*1**0****282**,ht*ps*//l*5.*****euser**n*en*.***/***F**i**ykT****uJ******O**1X_T**UK**YgrX**p*5=w**8-****-k*no,Restoran China,Restoran China,4.5,1****-22*0*,Ope***** D**s,******2123*040,"Jl. Dr. Kusuma Atmaja No.75, Menteng, Kec. Menteng, Jakarta, Daerah Khusus Ibukota Jakarta 10310","i*te**o*, *h*o, *e*ek**ek**g, va***, ***al, *yam*g*r**, i*st*g***, **nt*r, *ame**, *atu**",https://www.google.com/maps/place/Twelve+Chinese+Dining+Restaurant/data=!4m7!3m6!1s0x2e69f59a2cceb795:0x456948e886e869e1!8m2!3d-6.1980742!4d106.8244094!16s%2Fg%2F11frdjvt16!19sChIJlbfOLJr1aS4R4WnohuhIaUU?authuser=0&hl=id&rclk=1
ChIJd3WDhU71aS4R7SGOztNM7NY,Bungarampai,,FALSE,1335,"Name: **a*a**n Me*t*n*
Link: https:/*ww*.go**le**o*/m****s*a**h/Pl*t****+*en****/***.*9*9*1499**99**,*0****8*8**?*ut*use**0&*l**d*ent*****u
Reviews: 4986 reviews

Name: B**ga*P*p**a
Link: **t**://**w*googl***o*/***s/se****/Bu*g*+P**a*a/**6.*8*2**5,1*6.8*59**6****9**?au**u**r*0****id&en**y*t**
Reviews: 1680 reviews

Name: Ke*a**S**ih **r**
Link: h*tps:**w***g*****.*om/*ap****arch*K**a**S*r*h+Me*a*/******3*1*8,10*.*204*7***9****?*ut**ser***h*=id&en*ry***u
Reviews: 281 reviews

Name: W*ru** N**l**
Link: **tps*/**ww.*o**l*******ap***ear***Wa***g+**al*m*@-6*18**30**1****2*412*?auth*ser=*&h***d&**t**=**u
Reviews: 240 reviews",,FALSE,,,,,,,,B*n**r**p** (*e***ik),h***s******.*o*g*e.c*m/*ap***o**r**/1***2*66**64*68*26804,***ps://**5.g**g**us****nt*n***om/p***1*ipOa**Q*pI4M*kZt******D_*r2**S*D4****J2**w***-h4*8**-n*,Restoran Indonesia,Restoran Indonesia,4.8,1*.*0-2****,Op** *l****ys,(02*)****26**4,"Jl. Teuku Cik Ditiro No.35 10, RT.10/RW.5, Menteng, Kec. Menteng, Kota Jakarta Pusat, Daerah Khusus Ibukota Jakarta 10310","k*l***ga, ***ner, **m***here, pen**l**a*, w**d*n*, **t**ior, *st*t**, *in* *i*i**, *ess***, f**",https://www.google.com/maps/place/Bungarampai/data=!4m7!3m6!1s0x2e69f54e85837577:0xd6ec4cd3ce8e21ed!8m2!3d-6.1985069!4d106.8373026!16s%2Fg%2F11rf80vz6h!19sChIJd3WDhU71aS4R7SGOztNM7NY?authuser=0&hl=id&rclk=1
ChIJ_1ioH2v0aS4ROmUXwjBgsUA,OPEN Restaurant,,FALSE,419,"Name: *a*o*
Link: ht*ps:**w****oo*le*com**a****ea****S*****@-6*******1****.818*2*7**99999*a*t*u**r*0&*l*i*&entry=*tu
Reviews: 3576 reviews

Name: S*i*e**ra ****a**ant
Link: *tt*s*/*w*w.*oog*e.**m/**p**se*r*h*S***e****+***t*uran*****.22*0*8**0*.*26**4******se*=**hl=id*entry**tu
Reviews: 2267 reviews

Name: Ra*a ****au*a**
Link: ***p*:***w*.g*o*l*.co**m*p**s**rch*Ras*+*es*******/@**.*090*8,*06******7?au*h*s*r*0&***i**entry=t**
Reviews: 263 reviews

Name: Se**G*a** R*stau**n* a****a*
Link: **t****/ww*******e.c**/***s/se*rc**Sea**r**n+***ta*r***+an**B**/***.19**37,*06.84*1777**ut****r*0**l=i*&en**y=t**
Reviews: 221 reviews

Name: **ga*i**10
Link: *t*p*:***w**googl*.*****a*s****rch*Mega****1**@-6.1*91*28***9999*5,*0**8*36*4*****h*ser=0&***i*&*n*r*=***
Reviews: 53 reviews",,TRUE,,,,,,,,OP***R**t*u**** *Pe*il*k),,**t**:*/l*5.**og*eu****on*e*t**o**p/A****pPjF*D*Ty2*et*i***_*1B***S**1*mP**0*SKg=w*0**h3****-*o,Restoran,"Restoran, Restoran Prasmanan",4.4,0***0*2*.0*,O*en**l***ay*,****) **904*33,"Jalan Kompleks Megaria No.12, RT.10/RW.1, Pegangsaan, Kec. Menteng, Kota Jakarta Pusat, Daerah Khusus Ibukota Jakarta 10320","*ar**, **nne*, k*l*m **n*n*, **t*l, **ff*t, **ra**n, su***, p*h*n*g**d*, a**m, *ur*a*",https://www.google.com/maps/place/OPEN+Restaurant/data=!4m7!3m6!1s0x2e69f46b1fa858ff:0x40b16030c217653a!8m2!3d-6.1993593!4d106.843309!16s%2Fg%2F11g726vrd1!19sChIJ_1ioH2v0aS4ROmUXwjBgsUA?authuser=0&hl=id&rclk=1
ChIJTw6QXfDzaS4RBhTQsvQ_6Ec,Central Park Restaurant,"***p** ma**n **a**an** **** me*yaj**** *en* B**a****r*d*sio*****ndo*e*i*, *a**Ch*na* *erta *u*a*2* **m.",FALSE,147,"Name: *int*n Buf*** ****r*l*P**k
Link: h*tp*://**w.*oog***co*/****/s**r**/Kint*n+*uff*t*C*n***l**ark*****1**1**2,10*.79***7**0*00**?***h**e**0&hl=*d**n***=*t*
Reviews: 3128 reviews

Name: S**l*n*ra***s**uran*
Link: **t*s***www.**ogl*.***/*a**/searc***a*len*ra+*estau**n*/**6****0*8,*0*.82***4?**t**ser**&*l=***e***y*t**
Reviews: 2267 reviews

Name: A*i***est**ra**
Link: ht*p*****w**g***le.*o**ma**/search*****+*e***u*ant/*****28**94,106.8******9**99*9?au**u*e**0*hl*i**ent*y=**u
Reviews: 1080 reviews

Name: Co**a** **l**ay*D*n*ng * **s*au***t
Link: h**ps://***.g*ogle*co****p*/*e*r****o****e+*ll**ay+*inin*+-*Re*taur*n*/*-*.**81**9**0**7****7**a***use***&**=id&*n*ry****
Reviews: 149 reviews",,TRUE,,,,,,,,**n*ra***ark**e*t*urant******li*),,*t****//*h*.**ogl****r**n**nt.*om****F1Qi**j*-c****I***sLd*K*Ut*b*7P**l*P**umB***w*0*-h40**k-no,Restoran,"Restoran, Kedai Sarapan, Restoran China, Restoran Indonesia, Restoran Masakan Barat",4.4,*****-*2.00,**e* *** Day*,*02*)***0**888,"Manhattan Hotel 3rd Floor, JL Prof. Dr. Satrio, No. 1, Casablanca Kuningan, RT.7/RW.4, Kuningan, Karet Kuningan, Jakarta Selatan, Kota Jakarta Selatan, Daerah Khusus Ibukota Jakarta 12950",bre**f***,https://www.google.com/maps/place/Central+Park+Restaurant/data=!4m7!3m6!1s0x2e69f3f05d900e4f:0x47e83ff4b2d01406!8m2!3d-6.2254999!4d106.8314303!16s%2Fg%2F1hd_xcp4n!19sChIJTw6QXfDzaS4RBhTQsvQ_6Ec?authuser=0&hl=id&rclk=1
ChIJkayuSl31aS4RoCogGjqbz9g,The Courtyard Jakarta,,FALSE,26,"Name: S*i*e*****R*st*ura*t
Link: htt**:**w**.g*o***.*o*/*a***s*ar*h**a****d***Rest****nt***6.*2*028,1*6.8*694*?*ut*us*r*0&hl=i*******=*t*
Reviews: 2267 reviews

Name: *akar*a*Re*t****n*
Link: *t***:**ww**g*ogle*c**/**ps/se******a*arta*Re*tau*an*/*-**2*32*37***6*805*17?***hu******h*=id*e**r**t**
Reviews: 1140 reviews

Name: Oa*r****R*sta*r*nt * ***
Link: ****s:**www******e*co*/**ps*se*rc*/**k**o*+R***aur*n**%***Bar/*-*.22*4*6899999*********2*28*6?a**hu*e*=0&h**i**e**ry**tu
Reviews: 235 reviews

Name: **e**all** Re****ra** R*ya**Kuni**an***te* Jak****
Link: h*tp****www*g**g**.c*m***p*/s*a**h**h******e*+*es*aura*t+Roy*l+Kun*n***+*****+Jak***a/@-6.*0658*4***9999*5,1*6****53**9*9**9*?a*th****=0&h********r***tu
Reviews: 17 reviews",,TRUE,,,,,,,,*he****rt*a*d**ak*r***(Pem***k),,**tps*//*h*.googl*u***con*******m/*/AF*Qi*Oy*1******1**N*3***9**fF**U*J7*y*gs*Vn=*40**h**0**-n*,Restoran,Restoran,4.9,10.***2**0*,O*** Al* *a**,,"5, RT.5/RW.1, Kuningan, Karet Kuningan, Kecamatan Setiabudi, Kota Jakarta Selatan, Daerah Khusus Ibukota Jakarta 12910",,https://www.google.com/maps/place/The+Courtyard+Jakarta/data=!4m7!3m6!1s0x2e69f55d4aaeac91:0xd8cf9b3a1a202aa0!8m2!3d-6.2074278!4d106.8275598!16s%2Fg%2F11mglvgpmd!19sChIJkayuSl31aS4RoCogGjqbz9g?authuser=0&hl=id&rclk=1
